[0.089s] DEBUG:colcon:Command line arguments: ['/usr/bin/colcon', 'build', '--symlink-install']
[0.089s] DEBUG:colcon:Parsed command line arguments: Namespace(log_base=None, log_level=None, verb_name='build', build_base='build', install_base='install', merge_install=False, symlink_install=True, test_result_base=None, continue_on_error=False, executor='parallel', parallel_workers=32, event_handlers=None, ignore_user_meta=False, metas=['./colcon.meta'], base_paths=['.'], packages_ignore=None, packages_ignore_regex=None, paths=None, packages_up_to=None, packages_up_to_regex=None, packages_above=None, packages_above_and_dependencies=None, packages_above_depth=None, packages_select_by_dep=None, packages_skip_by_dep=None, packages_skip_up_to=None, packages_select_build_failed=False, packages_skip_build_finished=False, packages_select_test_failures=False, packages_skip_test_passed=False, packages_select=None, packages_skip=None, packages_select_regex=None, packages_skip_regex=None, packages_start=None, packages_end=None, allow_overriding=[], cmake_args=None, cmake_target=None, cmake_target_skip_unavailable=False, cmake_clean_cache=False, cmake_clean_first=False, cmake_force_configure=False, ament_cmake_args=None, catkin_cmake_args=None, catkin_skip_building_tests=False, mixin_files=None, mixin=None, verb_parser=<colcon_mixin.mixin.mixin_argument.MixinArgumentDecorator object at 0x7084592e4cb0>, verb_extension=<colcon_core.verb.build.BuildVerb object at 0x7084592e4950>, main=<bound method BuildVerb.main of <colcon_core.verb.build.BuildVerb object at 0x7084592e4950>>, mixin_verb=('build',))
[0.113s] Level 1:colcon.colcon_core.package_discovery:discover_packages(colcon_meta) check parameters
[0.113s] Level 1:colcon.colcon_core.package_discovery:discover_packages(recursive) check parameters
[0.113s] Level 1:colcon.colcon_core.package_discovery:discover_packages(ignore) check parameters
[0.113s] Level 1:colcon.colcon_core.package_discovery:discover_packages(path) check parameters
[0.113s] Level 1:colcon.colcon_core.package_discovery:discover_packages(colcon_meta) discover
[0.113s] Level 1:colcon.colcon_core.package_discovery:discover_packages(recursive) discover
[0.113s] INFO:colcon.colcon_core.package_discovery:Crawling recursively for packages in '/home/sohan/slam_mrt'
[0.113s] Level 1:colcon.colcon_core.package_identification:_identify(.) by extensions ['ignore', 'ignore_ament_install']
[0.113s] Level 1:colcon.colcon_core.package_identification:_identify(.) by extension 'ignore'
[0.113s] Level 1:colcon.colcon_core.package_identification:_identify(.) by extension 'ignore_ament_install'
[0.113s] Level 1:colcon.colcon_core.package_identification:_identify(.) by extensions ['colcon_pkg']
[0.113s] Level 1:colcon.colcon_core.package_identification:_identify(.) by extension 'colcon_pkg'
[0.113s] Level 1:colcon.colcon_core.package_identification:_identify(.) by extensions ['colcon_meta']
[0.113s] Level 1:colcon.colcon_core.package_identification:_identify(.) by extension 'colcon_meta'
[0.113s] Level 1:colcon.colcon_core.package_identification:_identify(.) by extensions ['ros']
[0.113s] Level 1:colcon.colcon_core.package_identification:_identify(.) by extension 'ros'
[0.128s] Level 1:colcon.colcon_core.package_identification:_identify(.) by extensions ['cmake', 'python']
[0.128s] Level 1:colcon.colcon_core.package_identification:_identify(.) by extension 'cmake'
[0.128s] Level 1:colcon.colcon_core.package_identification:_identify(.) by extension 'python'
[0.128s] Level 1:colcon.colcon_core.package_identification:_identify(.) by extensions ['python_setup_py']
[0.128s] Level 1:colcon.colcon_core.package_identification:_identify(.) by extension 'python_setup_py'
[0.128s] Level 1:colcon.colcon_core.package_identification:_identify(build) by extensions ['ignore', 'ignore_ament_install']
[0.128s] Level 1:colcon.colcon_core.package_identification:_identify(build) by extension 'ignore'
[0.128s] Level 1:colcon.colcon_core.package_identification:_identify(build) ignored
[0.128s] Level 1:colcon.colcon_core.package_identification:_identify(ekf_assgn) by extensions ['ignore', 'ignore_ament_install']
[0.128s] Level 1:colcon.colcon_core.package_identification:_identify(ekf_assgn) by extension 'ignore'
[0.128s] Level 1:colcon.colcon_core.package_identification:_identify(ekf_assgn) by extension 'ignore_ament_install'
[0.128s] Level 1:colcon.colcon_core.package_identification:_identify(ekf_assgn) by extensions ['colcon_pkg']
[0.128s] Level 1:colcon.colcon_core.package_identification:_identify(ekf_assgn) by extension 'colcon_pkg'
[0.128s] Level 1:colcon.colcon_core.package_identification:_identify(ekf_assgn) by extensions ['colcon_meta']
[0.128s] Level 1:colcon.colcon_core.package_identification:_identify(ekf_assgn) by extension 'colcon_meta'
[0.128s] Level 1:colcon.colcon_core.package_identification:_identify(ekf_assgn) by extensions ['ros']
[0.128s] Level 1:colcon.colcon_core.package_identification:_identify(ekf_assgn) by extension 'ros'
[0.131s] DEBUG:colcon.colcon_core.package_identification:Package 'ekf_assgn' with type 'ros.ament_python' and name 'ekf_assgn'
[0.131s] Level 1:colcon.colcon_core.package_identification:_identify(ekf_dummy_pkg) by extensions ['ignore', 'ignore_ament_install']
[0.131s] Level 1:colcon.colcon_core.package_identification:_identify(ekf_dummy_pkg) by extension 'ignore'
[0.131s] Level 1:colcon.colcon_core.package_identification:_identify(ekf_dummy_pkg) by extension 'ignore_ament_install'
[0.131s] Level 1:colcon.colcon_core.package_identification:_identify(ekf_dummy_pkg) by extensions ['colcon_pkg']
[0.131s] Level 1:colcon.colcon_core.package_identification:_identify(ekf_dummy_pkg) by extension 'colcon_pkg'
[0.131s] Level 1:colcon.colcon_core.package_identification:_identify(ekf_dummy_pkg) by extensions ['colcon_meta']
[0.131s] Level 1:colcon.colcon_core.package_identification:_identify(ekf_dummy_pkg) by extension 'colcon_meta'
[0.131s] Level 1:colcon.colcon_core.package_identification:_identify(ekf_dummy_pkg) by extensions ['ros']
[0.131s] Level 1:colcon.colcon_core.package_identification:_identify(ekf_dummy_pkg) by extension 'ros'
[0.131s] DEBUG:colcon.colcon_core.package_identification:Package 'ekf_dummy_pkg' with type 'ros.ament_python' and name 'ekf_dummy_pkg'
[0.131s] Level 1:colcon.colcon_core.package_identification:_identify(husarion_components_description) by extensions ['ignore', 'ignore_ament_install']
[0.131s] Level 1:colcon.colcon_core.package_identification:_identify(husarion_components_description) by extension 'ignore'
[0.132s] Level 1:colcon.colcon_core.package_identification:_identify(husarion_components_description) by extension 'ignore_ament_install'
[0.132s] Level 1:colcon.colcon_core.package_identification:_identify(husarion_components_description) by extensions ['colcon_pkg']
[0.132s] Level 1:colcon.colcon_core.package_identification:_identify(husarion_components_description) by extension 'colcon_pkg'
[0.132s] Level 1:colcon.colcon_core.package_identification:_identify(husarion_components_description) by extensions ['colcon_meta']
[0.132s] Level 1:colcon.colcon_core.package_identification:_identify(husarion_components_description) by extension 'colcon_meta'
[0.132s] Level 1:colcon.colcon_core.package_identification:_identify(husarion_components_description) by extensions ['ros']
[0.132s] Level 1:colcon.colcon_core.package_identification:_identify(husarion_components_description) by extension 'ros'
[0.144s] DEBUG:colcon.colcon_core.package_identification:Package 'husarion_components_description' with type 'ros.ament_cmake' and name 'husarion_components_description'
[0.144s] Level 1:colcon.colcon_core.package_identification:_identify(husarion_ugv_controller) by extensions ['ignore', 'ignore_ament_install']
[0.144s] Level 1:colcon.colcon_core.package_identification:_identify(husarion_ugv_controller) by extension 'ignore'
[0.144s] Level 1:colcon.colcon_core.package_identification:_identify(husarion_ugv_controller) by extension 'ignore_ament_install'
[0.144s] Level 1:colcon.colcon_core.package_identification:_identify(husarion_ugv_controller) by extensions ['colcon_pkg']
[0.144s] Level 1:colcon.colcon_core.package_identification:_identify(husarion_ugv_controller) by extension 'colcon_pkg'
[0.144s] Level 1:colcon.colcon_core.package_identification:_identify(husarion_ugv_controller) by extensions ['colcon_meta']
[0.144s] Level 1:colcon.colcon_core.package_identification:_identify(husarion_ugv_controller) by extension 'colcon_meta'
[0.144s] Level 1:colcon.colcon_core.package_identification:_identify(husarion_ugv_controller) by extensions ['ros']
[0.144s] Level 1:colcon.colcon_core.package_identification:_identify(husarion_ugv_controller) by extension 'ros'
[0.145s] DEBUG:colcon.colcon_core.package_identification:Package 'husarion_ugv_controller' with type 'ros.ament_cmake' and name 'husarion_ugv_controller'
[0.145s] Level 1:colcon.colcon_core.package_identification:_identify(husarion_ugv_description) by extensions ['ignore', 'ignore_ament_install']
[0.145s] Level 1:colcon.colcon_core.package_identification:_identify(husarion_ugv_description) by extension 'ignore'
[0.145s] Level 1:colcon.colcon_core.package_identification:_identify(husarion_ugv_description) by extension 'ignore_ament_install'
[0.145s] Level 1:colcon.colcon_core.package_identification:_identify(husarion_ugv_description) by extensions ['colcon_pkg']
[0.145s] Level 1:colcon.colcon_core.package_identification:_identify(husarion_ugv_description) by extension 'colcon_pkg'
[0.145s] Level 1:colcon.colcon_core.package_identification:_identify(husarion_ugv_description) by extensions ['colcon_meta']
[0.145s] Level 1:colcon.colcon_core.package_identification:_identify(husarion_ugv_description) by extension 'colcon_meta'
[0.145s] Level 1:colcon.colcon_core.package_identification:_identify(husarion_ugv_description) by extensions ['ros']
[0.145s] Level 1:colcon.colcon_core.package_identification:_identify(husarion_ugv_description) by extension 'ros'
[0.145s] DEBUG:colcon.colcon_core.package_identification:Package 'husarion_ugv_description' with type 'ros.ament_cmake' and name 'husarion_ugv_description'
[0.145s] Level 1:colcon.colcon_core.package_identification:_identify(install) by extensions ['ignore', 'ignore_ament_install']
[0.146s] Level 1:colcon.colcon_core.package_identification:_identify(install) by extension 'ignore'
[0.146s] Level 1:colcon.colcon_core.package_identification:_identify(install) ignored
[0.146s] Level 1:colcon.colcon_core.package_identification:_identify(log) by extensions ['ignore', 'ignore_ament_install']
[0.146s] Level 1:colcon.colcon_core.package_identification:_identify(log) by extension 'ignore'
[0.146s] Level 1:colcon.colcon_core.package_identification:_identify(log) ignored
[0.146s] Level 1:colcon.colcon_core.package_identification:_identify(rover_ekf) by extensions ['ignore', 'ignore_ament_install']
[0.146s] Level 1:colcon.colcon_core.package_identification:_identify(rover_ekf) by extension 'ignore'
[0.146s] Level 1:colcon.colcon_core.package_identification:_identify(rover_ekf) by extension 'ignore_ament_install'
[0.146s] Level 1:colcon.colcon_core.package_identification:_identify(rover_ekf) by extensions ['colcon_pkg']
[0.146s] Level 1:colcon.colcon_core.package_identification:_identify(rover_ekf) by extension 'colcon_pkg'
[0.146s] Level 1:colcon.colcon_core.package_identification:_identify(rover_ekf) by extensions ['colcon_meta']
[0.146s] Level 1:colcon.colcon_core.package_identification:_identify(rover_ekf) by extension 'colcon_meta'
[0.146s] Level 1:colcon.colcon_core.package_identification:_identify(rover_ekf) by extensions ['ros']
[0.146s] Level 1:colcon.colcon_core.package_identification:_identify(rover_ekf) by extension 'ros'
[0.146s] DEBUG:colcon.colcon_core.package_identification:Package 'rover_ekf' with type 'ros.ament_python' and name 'rover_ekf'
[0.146s] Level 1:colcon.colcon_core.package_identification:_identify(rover_gazebosim) by extensions ['ignore', 'ignore_ament_install']
[0.146s] Level 1:colcon.colcon_core.package_identification:_identify(rover_gazebosim) by extension 'ignore'
[0.146s] Level 1:colcon.colcon_core.package_identification:_identify(rover_gazebosim) by extension 'ignore_ament_install'
[0.146s] Level 1:colcon.colcon_core.package_identification:_identify(rover_gazebosim) by extensions ['colcon_pkg']
[0.146s] Level 1:colcon.colcon_core.package_identification:_identify(rover_gazebosim) by extension 'colcon_pkg'
[0.146s] Level 1:colcon.colcon_core.package_identification:_identify(rover_gazebosim) by extensions ['colcon_meta']
[0.146s] Level 1:colcon.colcon_core.package_identification:_identify(rover_gazebosim) by extension 'colcon_meta'
[0.146s] Level 1:colcon.colcon_core.package_identification:_identify(rover_gazebosim) by extensions ['ros']
[0.146s] Level 1:colcon.colcon_core.package_identification:_identify(rover_gazebosim) by extension 'ros'
[0.146s] DEBUG:colcon.colcon_core.package_identification:Package 'rover_gazebosim' with type 'ros.ament_python' and name 'rover_gazebosim'
[0.146s] Level 1:colcon.colcon_core.package_discovery:discover_packages(recursive) using defaults
[0.146s] Level 1:colcon.colcon_core.package_discovery:discover_packages(ignore) discover
[0.146s] Level 1:colcon.colcon_core.package_discovery:discover_packages(ignore) using defaults
[0.147s] Level 1:colcon.colcon_core.package_discovery:discover_packages(path) discover
[0.147s] Level 1:colcon.colcon_core.package_discovery:discover_packages(path) using defaults
[0.165s] Level 1:colcon.colcon_core.package_discovery:discover_packages(prefix_path) check parameters
[0.166s] Level 1:colcon.colcon_core.package_discovery:discover_packages(prefix_path) discover
[0.167s] DEBUG:colcon.colcon_installed_package_information.package_discovery:Found 7 installed packages in /home/sohan/slam_mrt/install
[0.168s] DEBUG:colcon.colcon_installed_package_information.package_discovery:Found 5 installed packages in /home/sohan/ekf_ws/install
[0.169s] DEBUG:colcon.colcon_installed_package_information.package_discovery:Found 430 installed packages in /opt/ros/jazzy
[0.169s] Level 1:colcon.colcon_core.package_discovery:discover_packages(prefix_path) using defaults
[0.192s] Level 5:colcon.colcon_core.verb:set package 'ekf_assgn' build argument 'cmake_args' from command line to 'None'
[0.192s] Level 5:colcon.colcon_core.verb:set package 'ekf_assgn' build argument 'cmake_target' from command line to 'None'
[0.192s] Level 5:colcon.colcon_core.verb:set package 'ekf_assgn' build argument 'cmake_target_skip_unavailable' from command line to 'False'
[0.192s] Level 5:colcon.colcon_core.verb:set package 'ekf_assgn' build argument 'cmake_clean_cache' from command line to 'False'
[0.192s] Level 5:colcon.colcon_core.verb:set package 'ekf_assgn' build argument 'cmake_clean_first' from command line to 'False'
[0.192s] Level 5:colcon.colcon_core.verb:set package 'ekf_assgn' build argument 'cmake_force_configure' from command line to 'False'
[0.192s] Level 5:colcon.colcon_core.verb:set package 'ekf_assgn' build argument 'ament_cmake_args' from command line to 'None'
[0.192s] Level 5:colcon.colcon_core.verb:set package 'ekf_assgn' build argument 'catkin_cmake_args' from command line to 'None'
[0.192s] Level 5:colcon.colcon_core.verb:set package 'ekf_assgn' build argument 'catkin_skip_building_tests' from command line to 'False'
[0.192s] DEBUG:colcon.colcon_core.verb:Building package 'ekf_assgn' with the following arguments: {'ament_cmake_args': None, 'build_base': '/home/sohan/slam_mrt/build/ekf_assgn', 'catkin_cmake_args': None, 'catkin_skip_building_tests': False, 'cmake_args': None, 'cmake_clean_cache': False, 'cmake_clean_first': False, 'cmake_force_configure': False, 'cmake_target': None, 'cmake_target_skip_unavailable': False, 'install_base': '/home/sohan/slam_mrt/install/ekf_assgn', 'merge_install': False, 'path': '/home/sohan/slam_mrt/ekf_assgn', 'symlink_install': True, 'test_result_base': None}
[0.192s] Level 5:colcon.colcon_core.verb:set package 'ekf_dummy_pkg' build argument 'cmake_args' from command line to 'None'
[0.192s] Level 5:colcon.colcon_core.verb:set package 'ekf_dummy_pkg' build argument 'cmake_target' from command line to 'None'
[0.192s] Level 5:colcon.colcon_core.verb:set package 'ekf_dummy_pkg' build argument 'cmake_target_skip_unavailable' from command line to 'False'
[0.192s] Level 5:colcon.colcon_core.verb:set package 'ekf_dummy_pkg' build argument 'cmake_clean_cache' from command line to 'False'
[0.192s] Level 5:colcon.colcon_core.verb:set package 'ekf_dummy_pkg' build argument 'cmake_clean_first' from command line to 'False'
[0.192s] Level 5:colcon.colcon_core.verb:set package 'ekf_dummy_pkg' build argument 'cmake_force_configure' from command line to 'False'
[0.192s] Level 5:colcon.colcon_core.verb:set package 'ekf_dummy_pkg' build argument 'ament_cmake_args' from command line to 'None'
[0.192s] Level 5:colcon.colcon_core.verb:set package 'ekf_dummy_pkg' build argument 'catkin_cmake_args' from command line to 'None'
[0.192s] Level 5:colcon.colcon_core.verb:set package 'ekf_dummy_pkg' build argument 'catkin_skip_building_tests' from command line to 'False'
[0.192s] DEBUG:colcon.colcon_core.verb:Building package 'ekf_dummy_pkg' with the following arguments: {'ament_cmake_args': None, 'build_base': '/home/sohan/slam_mrt/build/ekf_dummy_pkg', 'catkin_cmake_args': None, 'catkin_skip_building_tests': False, 'cmake_args': None, 'cmake_clean_cache': False, 'cmake_clean_first': False, 'cmake_force_configure': False, 'cmake_target': None, 'cmake_target_skip_unavailable': False, 'install_base': '/home/sohan/slam_mrt/install/ekf_dummy_pkg', 'merge_install': False, 'path': '/home/sohan/slam_mrt/ekf_dummy_pkg', 'symlink_install': True, 'test_result_base': None}
[0.193s] Level 5:colcon.colcon_core.verb:set package 'husarion_components_description' build argument 'cmake_args' from command line to 'None'
[0.193s] Level 5:colcon.colcon_core.verb:set package 'husarion_components_description' build argument 'cmake_target' from command line to 'None'
[0.193s] Level 5:colcon.colcon_core.verb:set package 'husarion_components_description' build argument 'cmake_target_skip_unavailable' from command line to 'False'
[0.193s] Level 5:colcon.colcon_core.verb:set package 'husarion_components_description' build argument 'cmake_clean_cache' from command line to 'False'
[0.193s] Level 5:colcon.colcon_core.verb:set package 'husarion_components_description' build argument 'cmake_clean_first' from command line to 'False'
[0.193s] Level 5:colcon.colcon_core.verb:set package 'husarion_components_description' build argument 'cmake_force_configure' from command line to 'False'
[0.193s] Level 5:colcon.colcon_core.verb:set package 'husarion_components_description' build argument 'ament_cmake_args' from command line to 'None'
[0.193s] Level 5:colcon.colcon_core.verb:set package 'husarion_components_description' build argument 'catkin_cmake_args' from command line to 'None'
[0.193s] Level 5:colcon.colcon_core.verb:set package 'husarion_components_description' build argument 'catkin_skip_building_tests' from command line to 'False'
[0.193s] DEBUG:colcon.colcon_core.verb:Building package 'husarion_components_description' with the following arguments: {'ament_cmake_args': None, 'build_base': '/home/sohan/slam_mrt/build/husarion_components_description', 'catkin_cmake_args': None, 'catkin_skip_building_tests': False, 'cmake_args': None, 'cmake_clean_cache': False, 'cmake_clean_first': False, 'cmake_force_configure': False, 'cmake_target': None, 'cmake_target_skip_unavailable': False, 'install_base': '/home/sohan/slam_mrt/install/husarion_components_description', 'merge_install': False, 'path': '/home/sohan/slam_mrt/husarion_components_description', 'symlink_install': True, 'test_result_base': None}
[0.193s] Level 5:colcon.colcon_core.verb:set package 'rover_ekf' build argument 'cmake_args' from command line to 'None'
[0.193s] Level 5:colcon.colcon_core.verb:set package 'rover_ekf' build argument 'cmake_target' from command line to 'None'
[0.193s] Level 5:colcon.colcon_core.verb:set package 'rover_ekf' build argument 'cmake_target_skip_unavailable' from command line to 'False'
[0.193s] Level 5:colcon.colcon_core.verb:set package 'rover_ekf' build argument 'cmake_clean_cache' from command line to 'False'
[0.193s] Level 5:colcon.colcon_core.verb:set package 'rover_ekf' build argument 'cmake_clean_first' from command line to 'False'
[0.193s] Level 5:colcon.colcon_core.verb:set package 'rover_ekf' build argument 'cmake_force_configure' from command line to 'False'
[0.193s] Level 5:colcon.colcon_core.verb:set package 'rover_ekf' build argument 'ament_cmake_args' from command line to 'None'
[0.193s] Level 5:colcon.colcon_core.verb:set package 'rover_ekf' build argument 'catkin_cmake_args' from command line to 'None'
[0.193s] Level 5:colcon.colcon_core.verb:set package 'rover_ekf' build argument 'catkin_skip_building_tests' from command line to 'False'
[0.193s] DEBUG:colcon.colcon_core.verb:Building package 'rover_ekf' with the following arguments: {'ament_cmake_args': None, 'build_base': '/home/sohan/slam_mrt/build/rover_ekf', 'catkin_cmake_args': None, 'catkin_skip_building_tests': False, 'cmake_args': None, 'cmake_clean_cache': False, 'cmake_clean_first': False, 'cmake_force_configure': False, 'cmake_target': None, 'cmake_target_skip_unavailable': False, 'install_base': '/home/sohan/slam_mrt/install/rover_ekf', 'merge_install': False, 'path': '/home/sohan/slam_mrt/rover_ekf', 'symlink_install': True, 'test_result_base': None}
[0.193s] Level 5:colcon.colcon_core.verb:set package 'rover_gazebosim' build argument 'cmake_args' from command line to 'None'
[0.193s] Level 5:colcon.colcon_core.verb:set package 'rover_gazebosim' build argument 'cmake_target' from command line to 'None'
[0.193s] Level 5:colcon.colcon_core.verb:set package 'rover_gazebosim' build argument 'cmake_target_skip_unavailable' from command line to 'False'
[0.193s] Level 5:colcon.colcon_core.verb:set package 'rover_gazebosim' build argument 'cmake_clean_cache' from command line to 'False'
[0.193s] Level 5:colcon.colcon_core.verb:set package 'rover_gazebosim' build argument 'cmake_clean_first' from command line to 'False'
[0.193s] Level 5:colcon.colcon_core.verb:set package 'rover_gazebosim' build argument 'cmake_force_configure' from command line to 'False'
[0.193s] Level 5:colcon.colcon_core.verb:set package 'rover_gazebosim' build argument 'ament_cmake_args' from command line to 'None'
[0.193s] Level 5:colcon.colcon_core.verb:set package 'rover_gazebosim' build argument 'catkin_cmake_args' from command line to 'None'
[0.193s] Level 5:colcon.colcon_core.verb:set package 'rover_gazebosim' build argument 'catkin_skip_building_tests' from command line to 'False'
[0.193s] DEBUG:colcon.colcon_core.verb:Building package 'rover_gazebosim' with the following arguments: {'ament_cmake_args': None, 'build_base': '/home/sohan/slam_mrt/build/rover_gazebosim', 'catkin_cmake_args': None, 'catkin_skip_building_tests': False, 'cmake_args': None, 'cmake_clean_cache': False, 'cmake_clean_first': False, 'cmake_force_configure': False, 'cmake_target': None, 'cmake_target_skip_unavailable': False, 'install_base': '/home/sohan/slam_mrt/install/rover_gazebosim', 'merge_install': False, 'path': '/home/sohan/slam_mrt/rover_gazebosim', 'symlink_install': True, 'test_result_base': None}
[0.193s] Level 5:colcon.colcon_core.verb:set package 'husarion_ugv_description' build argument 'cmake_args' from command line to 'None'
[0.193s] Level 5:colcon.colcon_core.verb:set package 'husarion_ugv_description' build argument 'cmake_target' from command line to 'None'
[0.193s] Level 5:colcon.colcon_core.verb:set package 'husarion_ugv_description' build argument 'cmake_target_skip_unavailable' from command line to 'False'
[0.193s] Level 5:colcon.colcon_core.verb:set package 'husarion_ugv_description' build argument 'cmake_clean_cache' from command line to 'False'
[0.193s] Level 5:colcon.colcon_core.verb:set package 'husarion_ugv_description' build argument 'cmake_clean_first' from command line to 'False'
[0.193s] Level 5:colcon.colcon_core.verb:set package 'husarion_ugv_description' build argument 'cmake_force_configure' from command line to 'False'
[0.193s] Level 5:colcon.colcon_core.verb:set package 'husarion_ugv_description' build argument 'ament_cmake_args' from command line to 'None'
[0.193s] Level 5:colcon.colcon_core.verb:set package 'husarion_ugv_description' build argument 'catkin_cmake_args' from command line to 'None'
[0.193s] Level 5:colcon.colcon_core.verb:set package 'husarion_ugv_description' build argument 'catkin_skip_building_tests' from command line to 'False'
[0.193s] DEBUG:colcon.colcon_core.verb:Building package 'husarion_ugv_description' with the following arguments: {'ament_cmake_args': None, 'build_base': '/home/sohan/slam_mrt/build/husarion_ugv_description', 'catkin_cmake_args': None, 'catkin_skip_building_tests': False, 'cmake_args': None, 'cmake_clean_cache': False, 'cmake_clean_first': False, 'cmake_force_configure': False, 'cmake_target': None, 'cmake_target_skip_unavailable': False, 'install_base': '/home/sohan/slam_mrt/install/husarion_ugv_description', 'merge_install': False, 'path': '/home/sohan/slam_mrt/husarion_ugv_description', 'symlink_install': True, 'test_result_base': None}
[0.193s] Level 5:colcon.colcon_core.verb:set package 'husarion_ugv_controller' build argument 'cmake_args' from command line to 'None'
[0.193s] Level 5:colcon.colcon_core.verb:set package 'husarion_ugv_controller' build argument 'cmake_target' from command line to 'None'
[0.193s] Level 5:colcon.colcon_core.verb:set package 'husarion_ugv_controller' build argument 'cmake_target_skip_unavailable' from command line to 'False'
[0.193s] Level 5:colcon.colcon_core.verb:set package 'husarion_ugv_controller' build argument 'cmake_clean_cache' from command line to 'False'
[0.193s] Level 5:colcon.colcon_core.verb:set package 'husarion_ugv_controller' build argument 'cmake_clean_first' from command line to 'False'
[0.193s] Level 5:colcon.colcon_core.verb:set package 'husarion_ugv_controller' build argument 'cmake_force_configure' from command line to 'False'
[0.193s] Level 5:colcon.colcon_core.verb:set package 'husarion_ugv_controller' build argument 'ament_cmake_args' from command line to 'None'
[0.193s] Level 5:colcon.colcon_core.verb:set package 'husarion_ugv_controller' build argument 'catkin_cmake_args' from command line to 'None'
[0.193s] Level 5:colcon.colcon_core.verb:set package 'husarion_ugv_controller' build argument 'catkin_skip_building_tests' from command line to 'False'
[0.193s] DEBUG:colcon.colcon_core.verb:Building package 'husarion_ugv_controller' with the following arguments: {'ament_cmake_args': None, 'build_base': '/home/sohan/slam_mrt/build/husarion_ugv_controller', 'catkin_cmake_args': None, 'catkin_skip_building_tests': False, 'cmake_args': None, 'cmake_clean_cache': False, 'cmake_clean_first': False, 'cmake_force_configure': False, 'cmake_target': None, 'cmake_target_skip_unavailable': False, 'install_base': '/home/sohan/slam_mrt/install/husarion_ugv_controller', 'merge_install': False, 'path': '/home/sohan/slam_mrt/husarion_ugv_controller', 'symlink_install': True, 'test_result_base': None}
[0.193s] INFO:colcon.colcon_core.executor:Executing jobs using 'parallel' executor
[0.194s] DEBUG:colcon.colcon_parallel_executor.executor.parallel:run_until_complete
[0.194s] INFO:colcon.colcon_ros.task.ament_cmake.build:Building ROS package in '/home/sohan/slam_mrt/husarion_components_description' with build type 'ament_cmake'
[0.194s] INFO:colcon.colcon_cmake.task.cmake.build:Building CMake package in '/home/sohan/slam_mrt/husarion_components_description'
[0.196s] INFO:colcon.colcon_core.plugin_system:Skipping extension 'colcon_core.shell.bat': Not used on non-Windows systems
[0.196s] INFO:colcon.colcon_core.shell:Skip shell extension 'powershell' for command environment: Not usable outside of PowerShell
[0.196s] DEBUG:colcon.colcon_core.shell:Skip shell extension 'dsv' for command environment
[0.199s] INFO:colcon.colcon_ros.task.ament_python.build:Building ROS package in '/home/sohan/slam_mrt/ekf_assgn' with build type 'ament_python'
[0.199s] Level 1:colcon.colcon_core.shell:create_environment_hook('ekf_assgn', 'ament_prefix_path')
[0.199s] INFO:colcon.colcon_core.shell:Creating environment hook '/home/sohan/slam_mrt/install/ekf_assgn/share/ekf_assgn/hook/ament_prefix_path.ps1'
[0.199s] INFO:colcon.colcon_core.shell:Creating environment descriptor '/home/sohan/slam_mrt/install/ekf_assgn/share/ekf_assgn/hook/ament_prefix_path.dsv'
[0.199s] INFO:colcon.colcon_core.shell:Creating environment hook '/home/sohan/slam_mrt/install/ekf_assgn/share/ekf_assgn/hook/ament_prefix_path.sh'
[0.200s] INFO:colcon.colcon_core.shell:Skip shell extension 'powershell' for command environment: Not usable outside of PowerShell
[0.200s] DEBUG:colcon.colcon_core.shell:Skip shell extension 'dsv' for command environment
[0.201s] INFO:colcon.colcon_ros.task.ament_python.build:Building ROS package in '/home/sohan/slam_mrt/ekf_dummy_pkg' with build type 'ament_python'
[0.201s] Level 1:colcon.colcon_core.shell:create_environment_hook('ekf_dummy_pkg', 'ament_prefix_path')
[0.202s] INFO:colcon.colcon_core.shell:Creating environment hook '/home/sohan/slam_mrt/install/ekf_dummy_pkg/share/ekf_dummy_pkg/hook/ament_prefix_path.ps1'
[0.202s] INFO:colcon.colcon_core.shell:Creating environment descriptor '/home/sohan/slam_mrt/install/ekf_dummy_pkg/share/ekf_dummy_pkg/hook/ament_prefix_path.dsv'
[0.202s] INFO:colcon.colcon_core.shell:Creating environment hook '/home/sohan/slam_mrt/install/ekf_dummy_pkg/share/ekf_dummy_pkg/hook/ament_prefix_path.sh'
[0.202s] INFO:colcon.colcon_core.shell:Skip shell extension 'powershell' for command environment: Not usable outside of PowerShell
[0.202s] DEBUG:colcon.colcon_core.shell:Skip shell extension 'dsv' for command environment
[0.205s] INFO:colcon.colcon_ros.task.ament_python.build:Building ROS package in '/home/sohan/slam_mrt/rover_ekf' with build type 'ament_python'
[0.205s] Level 1:colcon.colcon_core.shell:create_environment_hook('rover_ekf', 'ament_prefix_path')
[0.205s] INFO:colcon.colcon_core.shell:Creating environment hook '/home/sohan/slam_mrt/install/rover_ekf/share/rover_ekf/hook/ament_prefix_path.ps1'
[0.206s] INFO:colcon.colcon_core.shell:Creating environment descriptor '/home/sohan/slam_mrt/install/rover_ekf/share/rover_ekf/hook/ament_prefix_path.dsv'
[0.206s] INFO:colcon.colcon_core.shell:Creating environment hook '/home/sohan/slam_mrt/install/rover_ekf/share/rover_ekf/hook/ament_prefix_path.sh'
[0.206s] INFO:colcon.colcon_core.shell:Skip shell extension 'powershell' for command environment: Not usable outside of PowerShell
[0.206s] DEBUG:colcon.colcon_core.shell:Skip shell extension 'dsv' for command environment
[0.209s] INFO:colcon.colcon_ros.task.ament_python.build:Building ROS package in '/home/sohan/slam_mrt/rover_gazebosim' with build type 'ament_python'
[0.209s] Level 1:colcon.colcon_core.shell:create_environment_hook('rover_gazebosim', 'ament_prefix_path')
[0.209s] INFO:colcon.colcon_core.shell:Creating environment hook '/home/sohan/slam_mrt/install/rover_gazebosim/share/rover_gazebosim/hook/ament_prefix_path.ps1'
[0.209s] INFO:colcon.colcon_core.shell:Creating environment descriptor '/home/sohan/slam_mrt/install/rover_gazebosim/share/rover_gazebosim/hook/ament_prefix_path.dsv'
[0.209s] INFO:colcon.colcon_core.shell:Creating environment hook '/home/sohan/slam_mrt/install/rover_gazebosim/share/rover_gazebosim/hook/ament_prefix_path.sh'
[0.210s] INFO:colcon.colcon_core.shell:Skip shell extension 'powershell' for command environment: Not usable outside of PowerShell
[0.210s] DEBUG:colcon.colcon_core.shell:Skip shell extension 'dsv' for command environment
[0.214s] DEBUG:colcon.colcon_core.event_handler.log_command:Invoking command in '/home/sohan/slam_mrt/build/husarion_components_description': CMAKE_PREFIX_PATH=${CMAKE_PREFIX_PATH}:/home/sohan/slam_mrt/install/rover_gazebosim:/home/sohan/slam_mrt/install/rover_ekf:/home/sohan/slam_mrt/install/ekf_dummy_pkg:/home/sohan/slam_mrt/install/ekf_assgn:/home/sohan/ekf_ws/install/rover_gazebosim:/home/sohan/ekf_ws/install/ekf_assgn:/opt/ros/jazzy DEBUGINFOD_URLS=https://debuginfod.ubuntu.com /usr/bin/cmake /home/sohan/slam_mrt/husarion_components_description -DAMENT_CMAKE_SYMLINK_INSTALL=1 -DCMAKE_INSTALL_PREFIX=/home/sohan/slam_mrt/install/husarion_components_description
[0.329s] INFO:colcon.colcon_core.task.python.build:Building Python package in '/home/sohan/slam_mrt/ekf_assgn'
[0.329s] INFO:colcon.colcon_core.shell:Skip shell extension 'powershell' for command environment: Not usable outside of PowerShell
[0.329s] DEBUG:colcon.colcon_core.shell:Skip shell extension 'dsv' for command environment
[0.443s] INFO:colcon.colcon_core.task.python.build:Building Python package in '/home/sohan/slam_mrt/ekf_dummy_pkg'
[0.444s] INFO:colcon.colcon_core.shell:Skip shell extension 'powershell' for command environment: Not usable outside of PowerShell
[0.444s] DEBUG:colcon.colcon_core.shell:Skip shell extension 'dsv' for command environment
[0.558s] INFO:colcon.colcon_core.task.python.build:Building Python package in '/home/sohan/slam_mrt/rover_ekf'
[0.558s] INFO:colcon.colcon_core.shell:Skip shell extension 'powershell' for command environment: Not usable outside of PowerShell
[0.558s] DEBUG:colcon.colcon_core.shell:Skip shell extension 'dsv' for command environment
[0.680s] INFO:colcon.colcon_core.task.python.build:Building Python package in '/home/sohan/slam_mrt/rover_gazebosim'
[0.680s] INFO:colcon.colcon_core.shell:Skip shell extension 'powershell' for command environment: Not usable outside of PowerShell
[0.680s] DEBUG:colcon.colcon_core.shell:Skip shell extension 'dsv' for command environment
[0.686s] DEBUG:colcon.colcon_core.event_handler.log_command:Invoked command in '/home/sohan/slam_mrt/build/husarion_components_description' returned '0': CMAKE_PREFIX_PATH=${CMAKE_PREFIX_PATH}:/home/sohan/slam_mrt/install/rover_gazebosim:/home/sohan/slam_mrt/install/rover_ekf:/home/sohan/slam_mrt/install/ekf_dummy_pkg:/home/sohan/slam_mrt/install/ekf_assgn:/home/sohan/ekf_ws/install/rover_gazebosim:/home/sohan/ekf_ws/install/ekf_assgn:/opt/ros/jazzy DEBUGINFOD_URLS=https://debuginfod.ubuntu.com /usr/bin/cmake /home/sohan/slam_mrt/husarion_components_description -DAMENT_CMAKE_SYMLINK_INSTALL=1 -DCMAKE_INSTALL_PREFIX=/home/sohan/slam_mrt/install/husarion_components_description
[0.686s] DEBUG:colcon.colcon_core.event_handler.log_command:Invoking command in '/home/sohan/slam_mrt/build/husarion_components_description': CMAKE_PREFIX_PATH=${CMAKE_PREFIX_PATH}:/home/sohan/slam_mrt/install/rover_gazebosim:/home/sohan/slam_mrt/install/rover_ekf:/home/sohan/slam_mrt/install/ekf_dummy_pkg:/home/sohan/slam_mrt/install/ekf_assgn:/home/sohan/ekf_ws/install/rover_gazebosim:/home/sohan/ekf_ws/install/ekf_assgn:/opt/ros/jazzy DEBUGINFOD_URLS=https://debuginfod.ubuntu.com /usr/bin/cmake --build /home/sohan/slam_mrt/build/husarion_components_description -- -j32 -l32
[0.712s] DEBUG:colcon.colcon_core.event_handler.log_command:Invoked command in '/home/sohan/slam_mrt/build/husarion_components_description' returned '0': CMAKE_PREFIX_PATH=${CMAKE_PREFIX_PATH}:/home/sohan/slam_mrt/install/rover_gazebosim:/home/sohan/slam_mrt/install/rover_ekf:/home/sohan/slam_mrt/install/ekf_dummy_pkg:/home/sohan/slam_mrt/install/ekf_assgn:/home/sohan/ekf_ws/install/rover_gazebosim:/home/sohan/ekf_ws/install/ekf_assgn:/opt/ros/jazzy DEBUGINFOD_URLS=https://debuginfod.ubuntu.com /usr/bin/cmake --build /home/sohan/slam_mrt/build/husarion_components_description -- -j32 -l32
[0.720s] DEBUG:colcon.colcon_core.event_handler.log_command:Invoking command in '/home/sohan/slam_mrt/build/husarion_components_description': CMAKE_PREFIX_PATH=${CMAKE_PREFIX_PATH}:/home/sohan/slam_mrt/install/rover_gazebosim:/home/sohan/slam_mrt/install/rover_ekf:/home/sohan/slam_mrt/install/ekf_dummy_pkg:/home/sohan/slam_mrt/install/ekf_assgn:/home/sohan/ekf_ws/install/rover_gazebosim:/home/sohan/ekf_ws/install/ekf_assgn:/opt/ros/jazzy DEBUGINFOD_URLS=https://debuginfod.ubuntu.com /usr/bin/cmake --install /home/sohan/slam_mrt/build/husarion_components_description
[0.976s] DEBUG:colcon.colcon_core.task.python.build:Available setuptools commands: install_egg_info, bdist, extract_messages, compile_catalog, install_headers, sdist, alias, setopt, bdist_rpm, build_scripts, install_lib, saveopts, clean, upload_docs, build_ext, bdist_wheel, install, easy_install, bdist_dumb, install_scripts, bdist_egg, build_py, symlink_data, init_catalog, develop, build, test, register, egg_info, build_clib, dist_info, editable_wheel, rotate, update_catalog, upload, install_data, check
[0.977s] DEBUG:colcon.colcon_core.task.python.build:Available setuptools commands: install_egg_info, bdist, extract_messages, compile_catalog, install_headers, sdist, alias, setopt, bdist_rpm, build_scripts, install_lib, saveopts, clean, upload_docs, build_ext, bdist_wheel, install, easy_install, bdist_dumb, install_scripts, bdist_egg, build_py, symlink_data, init_catalog, develop, build, test, register, egg_info, build_clib, dist_info, editable_wheel, rotate, update_catalog, upload, install_data, check
[0.977s] DEBUG:colcon.colcon_core.task.python.build:Available setuptools commands: install_egg_info, bdist, extract_messages, compile_catalog, install_headers, sdist, alias, setopt, bdist_rpm, build_scripts, install_lib, saveopts, clean, upload_docs, build_ext, bdist_wheel, install, easy_install, bdist_dumb, install_scripts, bdist_egg, build_py, symlink_data, init_catalog, develop, build, test, register, egg_info, build_clib, dist_info, editable_wheel, rotate, update_catalog, upload, install_data, check
[0.984s] DEBUG:colcon.colcon_core.task.python.build:Available setuptools commands: install_egg_info, bdist, extract_messages, compile_catalog, install_headers, sdist, alias, setopt, bdist_rpm, build_scripts, install_lib, saveopts, clean, upload_docs, build_ext, bdist_wheel, install, easy_install, bdist_dumb, install_scripts, bdist_egg, build_py, symlink_data, init_catalog, develop, build, test, register, egg_info, build_clib, dist_info, editable_wheel, rotate, update_catalog, upload, install_data, check
[1.152s] DEBUG:colcon.colcon_core.task.python.build:Available setuptools 'develop' options: --dry-run, --multi-version, --zip-ok, --editable, --build-directory, --no-find-links, --no-user-cfg, --script-dir, --site-dirs, --install-layout, --uninstall, --upgrade, --local-snapshots-ok, --find-links, --always-copy, --allow-hosts, --user, --optimize, --force-installation-into-system-dir, --index-url, --no-deps, --verbose, --install-dir, --record, --always-unzip, --quiet, --exclude-scripts, --prefix, --egg-path, --help, --version
[1.153s] DEBUG:colcon.colcon_core.task.python.build:While undoing a previous installation files outside the Python library path are being ignored: /home/sohan/slam_mrt/install/ekf_dummy_pkg/share/ament_index/resource_index/packages/ekf_dummy_pkg
[1.153s] DEBUG:colcon.colcon_core.task.python.build:While undoing a previous installation files outside the Python library path are being ignored: /home/sohan/slam_mrt/install/ekf_dummy_pkg/share/ekf_dummy_pkg/package.xml
[1.153s] DEBUG:colcon.colcon_core.task.python.build:While undoing a previous installation files outside the Python library path are being ignored: /home/sohan/slam_mrt/install/ekf_dummy_pkg/share/ekf_dummy_pkg/launch/ekf_dummy.launch.py
[1.153s] DEBUG:colcon.colcon_core.task.python.build:While undoing a previous installation files outside the Python library path are being ignored: /home/sohan/slam_mrt/install/ekf_dummy_pkg/share/ekf_dummy_pkg/config/ekf_dummy.yaml
[1.153s] DEBUG:colcon.colcon_core.task.python.build:While undoing a previous installation files outside the Python library path are being ignored: /home/sohan/slam_mrt/install/ekf_dummy_pkg/share/ekf_dummy_pkg/scripts/dummy_imu_publisher.py
[1.153s] DEBUG:colcon.colcon_core.task.python.build:While undoing a previous installation files outside the Python library path are being ignored: /home/sohan/slam_mrt/install/ekf_dummy_pkg/share/ekf_dummy_pkg/scripts/odom_relay.py
[1.153s] DEBUG:colcon.colcon_core.task.python.build:While undoing a previous installation files outside the Python library path are being ignored: /home/sohan/slam_mrt/install/ekf_dummy_pkg/lib/ekf_dummy_pkg/dummy_imu_publisher
[1.153s] DEBUG:colcon.colcon_core.task.python.build:While undoing a previous installation files outside the Python library path are being ignored: /home/sohan/slam_mrt/install/ekf_dummy_pkg/lib/ekf_dummy_pkg/dummy_odom_publisher
[1.153s] DEBUG:colcon.colcon_core.task.python.build:While undoing a previous installation files outside the Python library path are being ignored: /home/sohan/slam_mrt/install/ekf_dummy_pkg/lib/ekf_dummy_pkg/imu_relay
[1.153s] DEBUG:colcon.colcon_core.task.python.build:While undoing a previous installation files outside the Python library path are being ignored: /home/sohan/slam_mrt/install/ekf_dummy_pkg/lib/ekf_dummy_pkg/odom_relay
[1.154s] DEBUG:colcon.colcon_core.event_handler.log_command:Invoking command in '/home/sohan/slam_mrt/build/ekf_dummy_pkg': DEBUGINFOD_URLS=https://debuginfod.ubuntu.com PYTHONPATH=/home/sohan/slam_mrt/build/ekf_dummy_pkg/prefix_override:/usr/lib/python3/dist-packages/colcon_core/task/python/colcon_distutils_commands:/home/sohan/slam_mrt/install/ekf_dummy_pkg/lib/python3.12/site-packages:${PYTHONPATH} /usr/bin/python3 -W ignore:setup.py install is deprecated -W ignore:easy_install command is deprecated setup.py develop --editable --build-directory /home/sohan/slam_mrt/build/ekf_dummy_pkg/build --no-deps symlink_data --force
[1.154s] DEBUG:colcon.colcon_core.task.python.build:Available setuptools 'develop' options: --dry-run, --multi-version, --zip-ok, --editable, --build-directory, --no-find-links, --no-user-cfg, --script-dir, --site-dirs, --install-layout, --uninstall, --upgrade, --local-snapshots-ok, --find-links, --always-copy, --allow-hosts, --user, --optimize, --force-installation-into-system-dir, --index-url, --no-deps, --verbose, --install-dir, --record, --always-unzip, --quiet, --exclude-scripts, --prefix, --egg-path, --help, --version
[1.154s] DEBUG:colcon.colcon_core.task.python.build:While undoing a previous installation files outside the Python library path are being ignored: /home/sohan/slam_mrt/install/rover_ekf/share/ament_index/resource_index/packages/rover_ekf
[1.154s] DEBUG:colcon.colcon_core.task.python.build:While undoing a previous installation files outside the Python library path are being ignored: /home/sohan/slam_mrt/install/rover_ekf/share/rover_ekf/package.xml
[1.154s] DEBUG:colcon.colcon_core.task.python.build:While undoing a previous installation files outside the Python library path are being ignored: /home/sohan/slam_mrt/install/rover_ekf/share/rover_ekf/launch/ekf_dummy.launch.py
[1.154s] DEBUG:colcon.colcon_core.task.python.build:While undoing a previous installation files outside the Python library path are being ignored: /home/sohan/slam_mrt/install/rover_ekf/share/rover_ekf/config/ekf_rover.yaml
[1.154s] DEBUG:colcon.colcon_core.task.python.build:While undoing a previous installation files outside the Python library path are being ignored: /home/sohan/slam_mrt/install/rover_ekf/share/rover_ekf/config/ekf_dummy.yaml
[1.155s] DEBUG:colcon.colcon_core.task.python.build:While undoing a previous installation files outside the Python library path are being ignored: /home/sohan/slam_mrt/install/rover_ekf/lib/rover_ekf/covariance_relay
[1.155s] DEBUG:colcon.colcon_core.task.python.build:While undoing a previous installation files outside the Python library path are being ignored: /home/sohan/slam_mrt/install/rover_ekf/lib/rover_ekf/dummy_imu_publisher
[1.155s] DEBUG:colcon.colcon_core.task.python.build:While undoing a previous installation files outside the Python library path are being ignored: /home/sohan/slam_mrt/install/rover_ekf/lib/rover_ekf/dummy_odom_publisher
[1.155s] DEBUG:colcon.colcon_core.event_handler.log_command:Invoking command in '/home/sohan/slam_mrt/build/rover_ekf': DEBUGINFOD_URLS=https://debuginfod.ubuntu.com PYTHONPATH=/home/sohan/slam_mrt/build/rover_ekf/prefix_override:/usr/lib/python3/dist-packages/colcon_core/task/python/colcon_distutils_commands:/home/sohan/slam_mrt/install/rover_ekf/lib/python3.12/site-packages:${PYTHONPATH} /usr/bin/python3 -W ignore:setup.py install is deprecated -W ignore:easy_install command is deprecated setup.py develop --editable --build-directory /home/sohan/slam_mrt/build/rover_ekf/build --no-deps symlink_data --force
[1.158s] DEBUG:colcon.colcon_core.task.python.build:Available setuptools 'develop' options: --dry-run, --multi-version, --zip-ok, --editable, --build-directory, --no-find-links, --no-user-cfg, --script-dir, --site-dirs, --install-layout, --uninstall, --upgrade, --local-snapshots-ok, --find-links, --always-copy, --allow-hosts, --user, --optimize, --force-installation-into-system-dir, --index-url, --no-deps, --verbose, --install-dir, --record, --always-unzip, --quiet, --exclude-scripts, --prefix, --egg-path, --help, --version
[1.158s] DEBUG:colcon.colcon_core.task.python.build:While undoing a previous installation files outside the Python library path are being ignored: /home/sohan/slam_mrt/install/ekf_assgn/share/ament_index/resource_index/packages/ekf_assgn
[1.158s] DEBUG:colcon.colcon_core.task.python.build:While undoing a previous installation files outside the Python library path are being ignored: /home/sohan/slam_mrt/install/ekf_assgn/share/ekf_assgn/package.xml
[1.158s] DEBUG:colcon.colcon_core.task.python.build:While undoing a previous installation files outside the Python library path are being ignored: /home/sohan/slam_mrt/install/ekf_assgn/share/ekf_assgn/launch/ekf_rover.launch.py
[1.158s] DEBUG:colcon.colcon_core.task.python.build:While undoing a previous installation files outside the Python library path are being ignored: /home/sohan/slam_mrt/install/ekf_assgn/share/ekf_assgn/launch/ekf_dummy.launch.py
[1.158s] DEBUG:colcon.colcon_core.task.python.build:While undoing a previous installation files outside the Python library path are being ignored: /home/sohan/slam_mrt/install/ekf_assgn/share/ekf_assgn/config/ekf_rover.yaml
[1.158s] DEBUG:colcon.colcon_core.task.python.build:While undoing a previous installation files outside the Python library path are being ignored: /home/sohan/slam_mrt/install/ekf_assgn/share/ekf_assgn/config/ekf_dummy.yaml
[1.159s] DEBUG:colcon.colcon_core.task.python.build:While undoing a previous installation files outside the Python library path are being ignored: /home/sohan/slam_mrt/install/ekf_assgn/lib/ekf_assgn/covariance_relay
[1.159s] DEBUG:colcon.colcon_core.task.python.build:While undoing a previous installation files outside the Python library path are being ignored: /home/sohan/slam_mrt/install/ekf_assgn/lib/ekf_assgn/dummy_imu_publisher
[1.159s] DEBUG:colcon.colcon_core.task.python.build:While undoing a previous installation files outside the Python library path are being ignored: /home/sohan/slam_mrt/install/ekf_assgn/lib/ekf_assgn/dummy_odom_publisher
[1.159s] DEBUG:colcon.colcon_core.event_handler.log_command:Invoking command in '/home/sohan/slam_mrt/build/ekf_assgn': DEBUGINFOD_URLS=https://debuginfod.ubuntu.com PYTHONPATH=/home/sohan/slam_mrt/build/ekf_assgn/prefix_override:/usr/lib/python3/dist-packages/colcon_core/task/python/colcon_distutils_commands:/home/sohan/slam_mrt/install/ekf_assgn/lib/python3.12/site-packages:${PYTHONPATH} /usr/bin/python3 -W ignore:setup.py install is deprecated -W ignore:easy_install command is deprecated setup.py develop --editable --build-directory /home/sohan/slam_mrt/build/ekf_assgn/build --no-deps symlink_data --force
[1.162s] DEBUG:colcon.colcon_core.task.python.build:Available setuptools 'develop' options: --dry-run, --multi-version, --zip-ok, --editable, --build-directory, --no-find-links, --no-user-cfg, --script-dir, --site-dirs, --install-layout, --uninstall, --upgrade, --local-snapshots-ok, --find-links, --always-copy, --allow-hosts, --user, --optimize, --force-installation-into-system-dir, --index-url, --no-deps, --verbose, --install-dir, --record, --always-unzip, --quiet, --exclude-scripts, --prefix, --egg-path, --help, --version
[1.163s] DEBUG:colcon.colcon_core.task.python.build:While undoing a previous installation files outside the Python library path are being ignored: /home/sohan/slam_mrt/install/rover_gazebosim/share/ament_index/resource_index/packages/rover_gazebosim
[1.163s] DEBUG:colcon.colcon_core.task.python.build:While undoing a previous installation files outside the Python library path are being ignored: /home/sohan/slam_mrt/install/rover_gazebosim/share/rover_gazebosim/package.xml
[1.163s] DEBUG:colcon.colcon_core.task.python.build:While undoing a previous installation files outside the Python library path are being ignored: /home/sohan/slam_mrt/install/rover_gazebosim/share/rover_gazebosim/launch/spawn_rover.launch.py
[1.163s] DEBUG:colcon.colcon_core.task.python.build:While undoing a previous installation files outside the Python library path are being ignored: /home/sohan/slam_mrt/install/rover_gazebosim/share/rover_gazebosim/launch/slam_and_rover.launch.py
[1.163s] DEBUG:colcon.colcon_core.task.python.build:While undoing a previous installation files outside the Python library path are being ignored: /home/sohan/slam_mrt/install/rover_gazebosim/share/rover_gazebosim/launch/nav2_launch.launch.py
[1.163s] DEBUG:colcon.colcon_core.task.python.build:While undoing a previous installation files outside the Python library path are being ignored: /home/sohan/slam_mrt/install/rover_gazebosim/share/rover_gazebosim/launch/pipeline_launch.launch.py
[1.163s] DEBUG:colcon.colcon_core.task.python.build:While undoing a previous installation files outside the Python library path are being ignored: /home/sohan/slam_mrt/install/rover_gazebosim/share/rover_gazebosim/world/rover.world
[1.163s] DEBUG:colcon.colcon_core.task.python.build:While undoing a previous installation files outside the Python library path are being ignored: /home/sohan/slam_mrt/install/rover_gazebosim/share/rover_gazebosim/world/husarion_office.sdf
[1.163s] DEBUG:colcon.colcon_core.task.python.build:While undoing a previous installation files outside the Python library path are being ignored: /home/sohan/slam_mrt/install/rover_gazebosim/share/rover_gazebosim/world/husarion_world.sdf
[1.163s] DEBUG:colcon.colcon_core.task.python.build:While undoing a previous installation files outside the Python library path are being ignored: /home/sohan/slam_mrt/install/rover_gazebosim/share/rover_gazebosim/config/joint_names_mobility urdf adaptation.yaml
[1.163s] DEBUG:colcon.colcon_core.task.python.build:While undoing a previous installation files outside the Python library path are being ignored: /home/sohan/slam_mrt/install/rover_gazebosim/share/rover_gazebosim/config/slam_mapping.yaml
[1.163s] DEBUG:colcon.colcon_core.task.python.build:While undoing a previous installation files outside the Python library path are being ignored: /home/sohan/slam_mrt/install/rover_gazebosim/share/rover_gazebosim/config/nav2_params.yaml
[1.163s] DEBUG:colcon.colcon_core.task.python.build:While undoing a previous installation files outside the Python library path are being ignored: /home/sohan/slam_mrt/install/rover_gazebosim/share/rover_gazebosim/urdf/rover.urdf
[1.163s] DEBUG:colcon.colcon_core.task.python.build:While undoing a previous installation files outside the Python library path are being ignored: /home/sohan/slam_mrt/install/rover_gazebosim/share/rover_gazebosim/world/new.sdf
[1.163s] DEBUG:colcon.colcon_core.task.python.build:While undoing a previous installation files outside the Python library path are being ignored: /home/sohan/slam_mrt/install/rover_gazebosim/share/rover_gazebosim/urdf/rover.gazebo
[1.163s] DEBUG:colcon.colcon_core.task.python.build:While undoing a previous installation files outside the Python library path are being ignored: /home/sohan/slam_mrt/install/rover_gazebosim/share/rover_gazebosim/meshes/wheel_1.STL
[1.163s] DEBUG:colcon.colcon_core.task.python.build:While undoing a previous installation files outside the Python library path are being ignored: /home/sohan/slam_mrt/install/rover_gazebosim/share/rover_gazebosim/meshes/left-rod.STL
[1.163s] DEBUG:colcon.colcon_core.task.python.build:While undoing a previous installation files outside the Python library path are being ignored: /home/sohan/slam_mrt/install/rover_gazebosim/share/rover_gazebosim/meshes/triangle-connector-l.STL
[1.163s] DEBUG:colcon.colcon_core.task.python.build:While undoing a previous installation files outside the Python library path are being ignored: /home/sohan/slam_mrt/install/rover_gazebosim/share/rover_gazebosim/meshes/triangle-left.STL
[1.163s] DEBUG:colcon.colcon_core.task.python.build:While undoing a previous installation files outside the Python library path are being ignored: /home/sohan/slam_mrt/install/rover_gazebosim/share/rover_gazebosim/meshes/triangle-connector-r.STL
[1.163s] DEBUG:colcon.colcon_core.task.python.build:While undoing a previous installation files outside the Python library path are being ignored: /home/sohan/slam_mrt/install/rover_gazebosim/share/rover_gazebosim/meshes/ball-left-down.STL
[1.163s] DEBUG:colcon.colcon_core.task.python.build:While undoing a previous installation files outside the Python library path are being ignored: /home/sohan/slam_mrt/install/rover_gazebosim/share/rover_gazebosim/meshes/connector-link-2.STL
[1.163s] DEBUG:colcon.colcon_core.task.python.build:While undoing a previous installation files outside the Python library path are being ignored: /home/sohan/slam_mrt/install/rover_gazebosim/share/rover_gazebosim/meshes/ball-right-down.STL
[1.163s] DEBUG:colcon.colcon_core.task.python.build:While undoing a previous installation files outside the Python library path are being ignored: /home/sohan/slam_mrt/install/rover_gazebosim/share/rover_gazebosim/meshes/socket-right-down.STL
[1.163s] DEBUG:colcon.colcon_core.task.python.build:While undoing a previous installation files outside the Python library path are being ignored: /home/sohan/slam_mrt/install/rover_gazebosim/share/rover_gazebosim/meshes/Left_bogie.STL
[1.163s] DEBUG:colcon.colcon_core.task.python.build:While undoing a previous installation files outside the Python library path are being ignored: /home/sohan/slam_mrt/install/rover_gazebosim/share/rover_gazebosim/meshes/wheel_5.STL
[1.163s] DEBUG:colcon.colcon_core.task.python.build:While undoing a previous installation files outside the Python library path are being ignored: /home/sohan/slam_mrt/install/rover_gazebosim/share/rover_gazebosim/meshes/wheel_4.STL
[1.163s] DEBUG:colcon.colcon_core.task.python.build:While undoing a previous installation files outside the Python library path are being ignored: /home/sohan/slam_mrt/install/rover_gazebosim/share/rover_gazebosim/meshes/wheel_3.STL
[1.163s] DEBUG:colcon.colcon_core.task.python.build:While undoing a previous installation files outside the Python library path are being ignored: /home/sohan/slam_mrt/install/rover_gazebosim/share/rover_gazebosim/meshes/wheel_6.STL
[1.163s] DEBUG:colcon.colcon_core.task.python.build:While undoing a previous installation files outside the Python library path are being ignored: /home/sohan/slam_mrt/install/rover_gazebosim/share/rover_gazebosim/meshes/Right_bogie.STL
[1.163s] DEBUG:colcon.colcon_core.task.python.build:While undoing a previous installation files outside the Python library path are being ignored: /home/sohan/slam_mrt/install/rover_gazebosim/share/rover_gazebosim/meshes/socket-left-down.STL
[1.163s] DEBUG:colcon.colcon_core.task.python.build:While undoing a previous installation files outside the Python library path are being ignored: /home/sohan/slam_mrt/install/rover_gazebosim/share/rover_gazebosim/meshes/ball-right-down0.STL
[1.163s] DEBUG:colcon.colcon_core.task.python.build:While undoing a previous installation files outside the Python library path are being ignored: /home/sohan/slam_mrt/install/rover_gazebosim/share/rover_gazebosim/meshes/triangle-right.STL
[1.163s] DEBUG:colcon.colcon_core.task.python.build:While undoing a previous installation files outside the Python library path are being ignored: /home/sohan/slam_mrt/install/rover_gazebosim/share/rover_gazebosim/meshes/wheel_2.STL
[1.163s] DEBUG:colcon.colcon_core.task.python.build:While undoing a previous installation files outside the Python library path are being ignored: /home/sohan/slam_mrt/install/rover_gazebosim/share/rover_gazebosim/meshes/Right_rocker.STL
[1.163s] DEBUG:colcon.colcon_core.task.python.build:While undoing a previous installation files outside the Python library path are being ignored: /home/sohan/slam_mrt/install/rover_gazebosim/share/rover_gazebosim/meshes/ball-left-down0.STL
[1.163s] DEBUG:colcon.colcon_core.task.python.build:While undoing a previous installation files outside the Python library path are being ignored: /home/sohan/slam_mrt/install/rover_gazebosim/share/rover_gazebosim/meshes/connector-link-1.STL
[1.163s] DEBUG:colcon.colcon_core.task.python.build:While undoing a previous installation files outside the Python library path are being ignored: /home/sohan/slam_mrt/install/rover_gazebosim/share/rover_gazebosim/meshes/socket-left.STL
[1.163s] DEBUG:colcon.colcon_core.task.python.build:While undoing a previous installation files outside the Python library path are being ignored: /home/sohan/slam_mrt/install/rover_gazebosim/share/rover_gazebosim/meshes/Left_rocker.STL
[1.163s] DEBUG:colcon.colcon_core.task.python.build:While undoing a previous installation files outside the Python library path are being ignored: /home/sohan/slam_mrt/install/rover_gazebosim/share/rover_gazebosim/meshes/triangle-ball-left.STL
[1.163s] DEBUG:colcon.colcon_core.task.python.build:While undoing a previous installation files outside the Python library path are being ignored: /home/sohan/slam_mrt/install/rover_gazebosim/share/rover_gazebosim/meshes/base_link.STL
[1.163s] DEBUG:colcon.colcon_core.task.python.build:While undoing a previous installation files outside the Python library path are being ignored: /home/sohan/slam_mrt/install/rover_gazebosim/share/rover_gazebosim/meshes/right-rod.STL
[1.163s] DEBUG:colcon.colcon_core.task.python.build:While undoing a previous installation files outside the Python library path are being ignored: /home/sohan/slam_mrt/install/rover_gazebosim/share/rover_gazebosim/meshes/triangle-ball-right.STL
[1.163s] DEBUG:colcon.colcon_core.task.python.build:While undoing a previous installation files outside the Python library path are being ignored: /home/sohan/slam_mrt/install/rover_gazebosim/share/rover_gazebosim/meshes/socket-right.STL
[1.163s] DEBUG:colcon.colcon_core.task.python.build:While undoing a previous installation files outside the Python library path are being ignored: /home/sohan/slam_mrt/install/rover_gazebosim/share/rover_gazebosim/meshes
[1.163s] DEBUG:colcon.colcon_core.task.python.build:While undoing a previous installation files outside the Python library path are being ignored: /home/sohan/slam_mrt/install/rover_gazebosim/share/rover_gazebosim/maps/my_map_final.yaml
[1.163s] DEBUG:colcon.colcon_core.task.python.build:While undoing a previous installation files outside the Python library path are being ignored: /home/sohan/slam_mrt/install/rover_gazebosim/share/rover_gazebosim/maps/my_map_final.pgm
[1.163s] DEBUG:colcon.colcon_core.task.python.build:While undoing a previous installation files outside the Python library path are being ignored: /home/sohan/slam_mrt/install/rover_gazebosim/share/rover_gazebosim/model/Surfaces/model.sdf
[1.163s] DEBUG:colcon.colcon_core.task.python.build:While undoing a previous installation files outside the Python library path are being ignored: /home/sohan/slam_mrt/install/rover_gazebosim/share/rover_gazebosim/model/Surfaces/model.config
[1.163s] DEBUG:colcon.colcon_core.task.python.build:While undoing a previous installation files outside the Python library path are being ignored: /home/sohan/slam_mrt/install/rover_gazebosim/share/rover_gazebosim/model/Surfaces/meshes/floor_14.obj
[1.163s] DEBUG:colcon.colcon_core.task.python.build:While undoing a previous installation files outside the Python library path are being ignored: /home/sohan/slam_mrt/install/rover_gazebosim/share/rover_gazebosim/model/Surfaces/meshes/floor_4.obj
[1.163s] DEBUG:colcon.colcon_core.task.python.build:While undoing a previous installation files outside the Python library path are being ignored: /home/sohan/slam_mrt/install/rover_gazebosim/share/rover_gazebosim/model/Surfaces/meshes/floor_7.obj
[1.163s] DEBUG:colcon.colcon_core.task.python.build:While undoing a previous installation files outside the Python library path are being ignored: /home/sohan/slam_mrt/install/rover_gazebosim/share/rover_gazebosim/model/Surfaces/meshes/floor_11.mtl
[1.163s] DEBUG:colcon.colcon_core.task.python.build:While undoing a previous installation files outside the Python library path are being ignored: /home/sohan/slam_mrt/install/rover_gazebosim/share/rover_gazebosim/model/Surfaces/meshes/floor_5.mtl
[1.163s] DEBUG:colcon.colcon_core.task.python.build:While undoing a previous installation files outside the Python library path are being ignored: /home/sohan/slam_mrt/install/rover_gazebosim/share/rover_gazebosim/model/Surfaces/meshes/wall_1.obj
[1.163s] DEBUG:colcon.colcon_core.task.python.build:While undoing a previous installation files outside the Python library path are being ignored: /home/sohan/slam_mrt/install/rover_gazebosim/share/rover_gazebosim/model/Surfaces/meshes/floor_13.obj
[1.163s] DEBUG:colcon.colcon_core.task.python.build:While undoing a previous installation files outside the Python library path are being ignored: /home/sohan/slam_mrt/install/rover_gazebosim/share/rover_gazebosim/model/Surfaces/meshes/model.material
[1.163s] DEBUG:colcon.colcon_core.task.python.build:While undoing a previous installation files outside the Python library path are being ignored: /home/sohan/slam_mrt/install/rover_gazebosim/share/rover_gazebosim/model/Surfaces/meshes/floor_1.mtl
[1.163s] DEBUG:colcon.colcon_core.task.python.build:While undoing a previous installation files outside the Python library path are being ignored: /home/sohan/slam_mrt/install/rover_gazebosim/share/rover_gazebosim/model/Surfaces/meshes/wood2.png
[1.163s] DEBUG:colcon.colcon_core.task.python.build:While undoing a previous installation files outside the Python library path are being ignored: /home/sohan/slam_mrt/install/rover_gazebosim/share/rover_gazebosim/model/Surfaces/meshes/floor_6.obj
[1.163s] DEBUG:colcon.colcon_core.task.python.build:While undoing a previous installation files outside the Python library path are being ignored: /home/sohan/slam_mrt/install/rover_gazebosim/share/rover_gazebosim/model/Surfaces/meshes/floor_2.obj
[1.163s] DEBUG:colcon.colcon_core.task.python.build:While undoing a previous installation files outside the Python library path are being ignored: /home/sohan/slam_mrt/install/rover_gazebosim/share/rover_gazebosim/model/Surfaces/meshes/floor_2.mtl
[1.163s] DEBUG:colcon.colcon_core.task.python.build:While undoing a previous installation files outside the Python library path are being ignored: /home/sohan/slam_mrt/install/rover_gazebosim/share/rover_gazebosim/model/Surfaces/meshes/wall_2.mtl
[1.163s] DEBUG:colcon.colcon_core.task.python.build:While undoing a previous installation files outside the Python library path are being ignored: /home/sohan/slam_mrt/install/rover_gazebosim/share/rover_gazebosim/model/Surfaces/meshes/floor_3.obj
[1.163s] DEBUG:colcon.colcon_core.task.python.build:While undoing a previous installation files outside the Python library path are being ignored: /home/sohan/slam_mrt/install/rover_gazebosim/share/rover_gazebosim/model/Surfaces/meshes/floor_12.obj
[1.163s] DEBUG:colcon.colcon_core.task.python.build:While undoing a previous installation files outside the Python library path are being ignored: /home/sohan/slam_mrt/install/rover_gazebosim/share/rover_gazebosim/model/Surfaces/meshes/floor_6.mtl
[1.163s] DEBUG:colcon.colcon_core.task.python.build:While undoing a previous installation files outside the Python library path are being ignored: /home/sohan/slam_mrt/install/rover_gazebosim/share/rover_gazebosim/model/Surfaces/meshes/floor_3.mtl
[1.163s] DEBUG:colcon.colcon_core.task.python.build:While undoing a previous installation files outside the Python library path are being ignored: /home/sohan/slam_mrt/install/rover_gazebosim/share/rover_gazebosim/model/Surfaces/meshes/white_tiles.png
[1.163s] DEBUG:colcon.colcon_core.task.python.build:While undoing a previous installation files outside the Python library path are being ignored: /home/sohan/slam_mrt/install/rover_gazebosim/share/rover_gazebosim/model/Surfaces/meshes/floor_9.mtl
[1.163s] DEBUG:colcon.colcon_core.task.python.build:While undoing a previous installation files outside the Python library path are being ignored: /home/sohan/slam_mrt/install/rover_gazebosim/share/rover_gazebosim/model/Surfaces/meshes/wall_1.mtl
[1.163s] DEBUG:colcon.colcon_core.task.python.build:While undoing a previous installation files outside the Python library path are being ignored: /home/sohan/slam_mrt/install/rover_gazebosim/share/rover_gazebosim/model/Surfaces/meshes/floor_10.obj
[1.163s] DEBUG:colcon.colcon_core.task.python.build:While undoing a previous installation files outside the Python library path are being ignored: /home/sohan/slam_mrt/install/rover_gazebosim/share/rover_gazebosim/model/Surfaces/meshes/white_wall.png
[1.163s] DEBUG:colcon.colcon_core.task.python.build:While undoing a previous installation files outside the Python library path are being ignored: /home/sohan/slam_mrt/install/rover_gazebosim/share/rover_gazebosim/model/Surfaces/meshes/floor_11.obj
[1.163s] DEBUG:colcon.colcon_core.task.python.build:While undoing a previous installation files outside the Python library path are being ignored: /home/sohan/slam_mrt/install/rover_gazebosim/share/rover_gazebosim/model/Surfaces/meshes/white_carpet.png
[1.163s] DEBUG:colcon.colcon_core.task.python.build:While undoing a previous installation files outside the Python library path are being ignored: /home/sohan/slam_mrt/install/rover_gazebosim/share/rover_gazebosim/model/Surfaces/meshes/floor_10.mtl
[1.163s] DEBUG:colcon.colcon_core.task.python.build:While undoing a previous installation files outside the Python library path are being ignored: /home/sohan/slam_mrt/install/rover_gazebosim/share/rover_gazebosim/model/Surfaces/meshes/floor_4.mtl
[1.163s] DEBUG:colcon.colcon_core.task.python.build:While undoing a previous installation files outside the Python library path are being ignored: /home/sohan/slam_mrt/install/rover_gazebosim/share/rover_gazebosim/model/Surfaces/meshes/wood1.png
[1.163s] DEBUG:colcon.colcon_core.task.python.build:While undoing a previous installation files outside the Python library path are being ignored: /home/sohan/slam_mrt/install/rover_gazebosim/share/rover_gazebosim/model/Surfaces/meshes/floor_1.obj
[1.163s] DEBUG:colcon.colcon_core.task.python.build:While undoing a previous installation files outside the Python library path are being ignored: /home/sohan/slam_mrt/install/rover_gazebosim/share/rover_gazebosim/model/Surfaces/meshes/wall_2.obj
[1.163s] DEBUG:colcon.colcon_core.task.python.build:While undoing a previous installation files outside the Python library path are being ignored: /home/sohan/slam_mrt/install/rover_gazebosim/share/rover_gazebosim/model/Surfaces/meshes/floor_12.mtl
[1.163s] DEBUG:colcon.colcon_core.task.python.build:While undoing a previous installation files outside the Python library path are being ignored: /home/sohan/slam_mrt/install/rover_gazebosim/share/rover_gazebosim/model/Surfaces/meshes/floor_8.obj
[1.163s] DEBUG:colcon.colcon_core.task.python.build:While undoing a previous installation files outside the Python library path are being ignored: /home/sohan/slam_mrt/install/rover_gazebosim/share/rover_gazebosim/model/Surfaces/meshes/floor_7.mtl
[1.163s] DEBUG:colcon.colcon_core.task.python.build:While undoing a previous installation files outside the Python library path are being ignored: /home/sohan/slam_mrt/install/rover_gazebosim/share/rover_gazebosim/model/Surfaces/meshes/black_concrete.png
[1.163s] DEBUG:colcon.colcon_core.task.python.build:While undoing a previous installation files outside the Python library path are being ignored: /home/sohan/slam_mrt/install/rover_gazebosim/share/rover_gazebosim/model/Surfaces/meshes/floor_8.mtl
[1.163s] DEBUG:colcon.colcon_core.task.python.build:While undoing a previous installation files outside the Python library path are being ignored: /home/sohan/slam_mrt/install/rover_gazebosim/share/rover_gazebosim/model/Surfaces/meshes/floor_9.obj
[1.164s] DEBUG:colcon.colcon_core.task.python.build:While undoing a previous installation files outside the Python library path are being ignored: /home/sohan/slam_mrt/install/rover_gazebosim/share/rover_gazebosim/model/Surfaces/meshes/floor_14.mtl
[1.164s] DEBUG:colcon.colcon_core.task.python.build:While undoing a previous installation files outside the Python library path are being ignored: /home/sohan/slam_mrt/install/rover_gazebosim/share/rover_gazebosim/model/Surfaces/meshes/floor_5.obj
[1.164s] DEBUG:colcon.colcon_core.task.python.build:While undoing a previous installation files outside the Python library path are being ignored: /home/sohan/slam_mrt/install/rover_gazebosim/share/rover_gazebosim/model/Surfaces/meshes/floor_13.mtl
[1.164s] DEBUG:colcon.colcon_core.task.python.build:While undoing a previous installation files outside the Python library path are being ignored: /home/sohan/slam_mrt/install/rover_gazebosim/share/rover_gazebosim/model/ConferenceTable/model.sdf
[1.164s] DEBUG:colcon.colcon_core.task.python.build:While undoing a previous installation files outside the Python library path are being ignored: /home/sohan/slam_mrt/install/rover_gazebosim/share/rover_gazebosim/model/ConferenceTable/model.config
[1.164s] DEBUG:colcon.colcon_core.task.python.build:While undoing a previous installation files outside the Python library path are being ignored: /home/sohan/slam_mrt/install/rover_gazebosim/share/rover_gazebosim/model/ConferenceTable/meshes/conference_table.stl
[1.164s] DEBUG:colcon.colcon_core.task.python.build:While undoing a previous installation files outside the Python library path are being ignored: /home/sohan/slam_mrt/install/rover_gazebosim/share/rover_gazebosim/model/Door/model.sdf
[1.164s] DEBUG:colcon.colcon_core.task.python.build:While undoing a previous installation files outside the Python library path are being ignored: /home/sohan/slam_mrt/install/rover_gazebosim/share/rover_gazebosim/model/Door/model.config
[1.164s] DEBUG:colcon.colcon_core.task.python.build:While undoing a previous installation files outside the Python library path are being ignored: /home/sohan/slam_mrt/install/rover_gazebosim/share/rover_gazebosim/model/Door/meshes/door.stl
[1.164s] DEBUG:colcon.colcon_core.task.python.build:While undoing a previous installation files outside the Python library path are being ignored: /home/sohan/slam_mrt/install/rover_gazebosim/share/rover_gazebosim/model/WaterDispenser/model.sdf
[1.164s] DEBUG:colcon.colcon_core.task.python.build:While undoing a previous installation files outside the Python library path are being ignored: /home/sohan/slam_mrt/install/rover_gazebosim/share/rover_gazebosim/model/WaterDispenser/model.config
[1.164s] DEBUG:colcon.colcon_core.task.python.build:While undoing a previous installation files outside the Python library path are being ignored: /home/sohan/slam_mrt/install/rover_gazebosim/share/rover_gazebosim/model/WaterDispenser/meshes/water_dispenser.dae
[1.164s] DEBUG:colcon.colcon_core.task.python.build:While undoing a previous installation files outside the Python library path are being ignored: /home/sohan/slam_mrt/install/rover_gazebosim/share/rover_gazebosim/model/Tv/model.sdf
[1.164s] DEBUG:colcon.colcon_core.task.python.build:While undoing a previous installation files outside the Python library path are being ignored: /home/sohan/slam_mrt/install/rover_gazebosim/share/rover_gazebosim/model/Tv/model.config
[1.164s] DEBUG:colcon.colcon_core.task.python.build:While undoing a previous installation files outside the Python library path are being ignored: /home/sohan/slam_mrt/install/rover_gazebosim/share/rover_gazebosim/model/Tv/meshes/tv.stl
[1.164s] DEBUG:colcon.colcon_core.task.python.build:While undoing a previous installation files outside the Python library path are being ignored: /home/sohan/slam_mrt/install/rover_gazebosim/share/rover_gazebosim/model/HusarionLogo/meshes/husarion_logo.dae
[1.164s] DEBUG:colcon.colcon_core.task.python.build:While undoing a previous installation files outside the Python library path are being ignored: /home/sohan/slam_mrt/install/rover_gazebosim/share/rover_gazebosim/model/Laptop/model.sdf
[1.164s] DEBUG:colcon.colcon_core.task.python.build:While undoing a previous installation files outside the Python library path are being ignored: /home/sohan/slam_mrt/install/rover_gazebosim/share/rover_gazebosim/model/Laptop/model.config
[1.164s] DEBUG:colcon.colcon_core.task.python.build:While undoing a previous installation files outside the Python library path are being ignored: /home/sohan/slam_mrt/install/rover_gazebosim/share/rover_gazebosim/model/Laptop/meshes/laptop.stl
[1.164s] DEBUG:colcon.colcon_core.task.python.build:While undoing a previous installation files outside the Python library path are being ignored: /home/sohan/slam_mrt/install/rover_gazebosim/share/rover_gazebosim/model/Kitchen/model.sdf
[1.164s] DEBUG:colcon.colcon_core.task.python.build:While undoing a previous installation files outside the Python library path are being ignored: /home/sohan/slam_mrt/install/rover_gazebosim/share/rover_gazebosim/model/Kitchen/model.config
[1.164s] DEBUG:colcon.colcon_core.task.python.build:While undoing a previous installation files outside the Python library path are being ignored: /home/sohan/slam_mrt/install/rover_gazebosim/share/rover_gazebosim/model/Kitchen/meshes/kitchen.stl
[1.164s] DEBUG:colcon.colcon_core.task.python.build:While undoing a previous installation files outside the Python library path are being ignored: /home/sohan/slam_mrt/install/rover_gazebosim/share/rover_gazebosim/model/Rosbot/model.sdf
[1.164s] DEBUG:colcon.colcon_core.task.python.build:While undoing a previous installation files outside the Python library path are being ignored: /home/sohan/slam_mrt/install/rover_gazebosim/share/rover_gazebosim/model/Rosbot/model.config
[1.164s] DEBUG:colcon.colcon_core.task.python.build:While undoing a previous installation files outside the Python library path are being ignored: /home/sohan/slam_mrt/install/rover_gazebosim/share/rover_gazebosim/model/Rosbot/meshes/box.dae
[1.164s] DEBUG:colcon.colcon_core.task.python.build:While undoing a previous installation files outside the Python library path are being ignored: /home/sohan/slam_mrt/install/rover_gazebosim/share/rover_gazebosim/model/Rosbot/meshes/rplidar.dae
[1.164s] DEBUG:colcon.colcon_core.task.python.build:While undoing a previous installation files outside the Python library path are being ignored: /home/sohan/slam_mrt/install/rover_gazebosim/share/rover_gazebosim/model/Rosbot/meshes/wheel.dae
[1.164s] DEBUG:colcon.colcon_core.task.python.build:While undoing a previous installation files outside the Python library path are being ignored: /home/sohan/slam_mrt/install/rover_gazebosim/share/rover_gazebosim/model/Rosbot/meshes/upper.dae
[1.164s] DEBUG:colcon.colcon_core.task.python.build:While undoing a previous installation files outside the Python library path are being ignored: /home/sohan/slam_mrt/install/rover_gazebosim/share/rover_gazebosim/model/Rosbot/meshes/astra.dae
[1.164s] DEBUG:colcon.colcon_core.task.python.build:While undoing a previous installation files outside the Python library path are being ignored: /home/sohan/slam_mrt/install/rover_gazebosim/share/rover_gazebosim/models/Surfaces/model.sdf
[1.164s] DEBUG:colcon.colcon_core.task.python.build:While undoing a previous installation files outside the Python library path are being ignored: /home/sohan/slam_mrt/install/rover_gazebosim/share/rover_gazebosim/models/Surfaces/model.config
[1.164s] DEBUG:colcon.colcon_core.task.python.build:While undoing a previous installation files outside the Python library path are being ignored: /home/sohan/slam_mrt/install/rover_gazebosim/share/rover_gazebosim/models/Surfaces/meshes/floor_14.obj
[1.164s] DEBUG:colcon.colcon_core.task.python.build:While undoing a previous installation files outside the Python library path are being ignored: /home/sohan/slam_mrt/install/rover_gazebosim/share/rover_gazebosim/models/Surfaces/meshes/floor_4.obj
[1.164s] DEBUG:colcon.colcon_core.task.python.build:While undoing a previous installation files outside the Python library path are being ignored: /home/sohan/slam_mrt/install/rover_gazebosim/share/rover_gazebosim/models/Surfaces/meshes/floor_7.obj
[1.164s] DEBUG:colcon.colcon_core.task.python.build:While undoing a previous installation files outside the Python library path are being ignored: /home/sohan/slam_mrt/install/rover_gazebosim/share/rover_gazebosim/models/Surfaces/meshes/floor_11.mtl
[1.164s] DEBUG:colcon.colcon_core.task.python.build:While undoing a previous installation files outside the Python library path are being ignored: /home/sohan/slam_mrt/install/rover_gazebosim/share/rover_gazebosim/models/Surfaces/meshes/floor_5.mtl
[1.164s] DEBUG:colcon.colcon_core.task.python.build:While undoing a previous installation files outside the Python library path are being ignored: /home/sohan/slam_mrt/install/rover_gazebosim/share/rover_gazebosim/models/Surfaces/meshes/wall_1.obj
[1.164s] DEBUG:colcon.colcon_core.task.python.build:While undoing a previous installation files outside the Python library path are being ignored: /home/sohan/slam_mrt/install/rover_gazebosim/share/rover_gazebosim/models/Surfaces/meshes/floor_13.obj
[1.164s] DEBUG:colcon.colcon_core.task.python.build:While undoing a previous installation files outside the Python library path are being ignored: /home/sohan/slam_mrt/install/rover_gazebosim/share/rover_gazebosim/models/Surfaces/meshes/model.material
[1.164s] DEBUG:colcon.colcon_core.task.python.build:While undoing a previous installation files outside the Python library path are being ignored: /home/sohan/slam_mrt/install/rover_gazebosim/share/rover_gazebosim/models/Surfaces/meshes/floor_1.mtl
[1.164s] DEBUG:colcon.colcon_core.task.python.build:While undoing a previous installation files outside the Python library path are being ignored: /home/sohan/slam_mrt/install/rover_gazebosim/share/rover_gazebosim/models/Surfaces/meshes/wood2.png
[1.164s] DEBUG:colcon.colcon_core.task.python.build:While undoing a previous installation files outside the Python library path are being ignored: /home/sohan/slam_mrt/install/rover_gazebosim/share/rover_gazebosim/models/Surfaces/meshes/floor_6.obj
[1.164s] DEBUG:colcon.colcon_core.task.python.build:While undoing a previous installation files outside the Python library path are being ignored: /home/sohan/slam_mrt/install/rover_gazebosim/share/rover_gazebosim/models/Surfaces/meshes/floor_2.obj
[1.164s] DEBUG:colcon.colcon_core.task.python.build:While undoing a previous installation files outside the Python library path are being ignored: /home/sohan/slam_mrt/install/rover_gazebosim/share/rover_gazebosim/models/Surfaces/meshes/floor_2.mtl
[1.164s] DEBUG:colcon.colcon_core.task.python.build:While undoing a previous installation files outside the Python library path are being ignored: /home/sohan/slam_mrt/install/rover_gazebosim/share/rover_gazebosim/models/Surfaces/meshes/wall_2.mtl
[1.164s] DEBUG:colcon.colcon_core.task.python.build:While undoing a previous installation files outside the Python library path are being ignored: /home/sohan/slam_mrt/install/rover_gazebosim/share/rover_gazebosim/models/Surfaces/meshes/floor_3.obj
[1.164s] DEBUG:colcon.colcon_core.task.python.build:While undoing a previous installation files outside the Python library path are being ignored: /home/sohan/slam_mrt/install/rover_gazebosim/share/rover_gazebosim/models/Surfaces/meshes/floor_12.obj
[1.164s] DEBUG:colcon.colcon_core.task.python.build:While undoing a previous installation files outside the Python library path are being ignored: /home/sohan/slam_mrt/install/rover_gazebosim/share/rover_gazebosim/models/Surfaces/meshes/floor_6.mtl
[1.164s] DEBUG:colcon.colcon_core.task.python.build:While undoing a previous installation files outside the Python library path are being ignored: /home/sohan/slam_mrt/install/rover_gazebosim/share/rover_gazebosim/models/Surfaces/meshes/floor_3.mtl
[1.164s] DEBUG:colcon.colcon_core.task.python.build:While undoing a previous installation files outside the Python library path are being ignored: /home/sohan/slam_mrt/install/rover_gazebosim/share/rover_gazebosim/models/Surfaces/meshes/white_tiles.png
[1.164s] DEBUG:colcon.colcon_core.task.python.build:While undoing a previous installation files outside the Python library path are being ignored: /home/sohan/slam_mrt/install/rover_gazebosim/share/rover_gazebosim/models/Surfaces/meshes/floor_9.mtl
[1.164s] DEBUG:colcon.colcon_core.task.python.build:While undoing a previous installation files outside the Python library path are being ignored: /home/sohan/slam_mrt/install/rover_gazebosim/share/rover_gazebosim/models/Surfaces/meshes/wall_1.mtl
[1.164s] DEBUG:colcon.colcon_core.task.python.build:While undoing a previous installation files outside the Python library path are being ignored: /home/sohan/slam_mrt/install/rover_gazebosim/share/rover_gazebosim/models/Surfaces/meshes/floor_10.obj
[1.164s] DEBUG:colcon.colcon_core.task.python.build:While undoing a previous installation files outside the Python library path are being ignored: /home/sohan/slam_mrt/install/rover_gazebosim/share/rover_gazebosim/models/Surfaces/meshes/white_wall.png
[1.164s] DEBUG:colcon.colcon_core.task.python.build:While undoing a previous installation files outside the Python library path are being ignored: /home/sohan/slam_mrt/install/rover_gazebosim/share/rover_gazebosim/models/Surfaces/meshes/floor_11.obj
[1.164s] DEBUG:colcon.colcon_core.task.python.build:While undoing a previous installation files outside the Python library path are being ignored: /home/sohan/slam_mrt/install/rover_gazebosim/share/rover_gazebosim/models/Surfaces/meshes/white_carpet.png
[1.164s] DEBUG:colcon.colcon_core.task.python.build:While undoing a previous installation files outside the Python library path are being ignored: /home/sohan/slam_mrt/install/rover_gazebosim/share/rover_gazebosim/models/Surfaces/meshes/floor_10.mtl
[1.164s] DEBUG:colcon.colcon_core.task.python.build:While undoing a previous installation files outside the Python library path are being ignored: /home/sohan/slam_mrt/install/rover_gazebosim/share/rover_gazebosim/models/Surfaces/meshes/floor_4.mtl
[1.164s] DEBUG:colcon.colcon_core.task.python.build:While undoing a previous installation files outside the Python library path are being ignored: /home/sohan/slam_mrt/install/rover_gazebosim/share/rover_gazebosim/models/Surfaces/meshes/wood1.png
[1.164s] DEBUG:colcon.colcon_core.task.python.build:While undoing a previous installation files outside the Python library path are being ignored: /home/sohan/slam_mrt/install/rover_gazebosim/share/rover_gazebosim/models/Surfaces/meshes/floor_1.obj
[1.164s] DEBUG:colcon.colcon_core.task.python.build:While undoing a previous installation files outside the Python library path are being ignored: /home/sohan/slam_mrt/install/rover_gazebosim/share/rover_gazebosim/models/Surfaces/meshes/wall_2.obj
[1.164s] DEBUG:colcon.colcon_core.task.python.build:While undoing a previous installation files outside the Python library path are being ignored: /home/sohan/slam_mrt/install/rover_gazebosim/share/rover_gazebosim/models/Surfaces/meshes/floor_12.mtl
[1.164s] DEBUG:colcon.colcon_core.task.python.build:While undoing a previous installation files outside the Python library path are being ignored: /home/sohan/slam_mrt/install/rover_gazebosim/share/rover_gazebosim/models/Surfaces/meshes/floor_8.obj
[1.164s] DEBUG:colcon.colcon_core.task.python.build:While undoing a previous installation files outside the Python library path are being ignored: /home/sohan/slam_mrt/install/rover_gazebosim/share/rover_gazebosim/models/Surfaces/meshes/floor_7.mtl
[1.164s] DEBUG:colcon.colcon_core.task.python.build:While undoing a previous installation files outside the Python library path are being ignored: /home/sohan/slam_mrt/install/rover_gazebosim/share/rover_gazebosim/models/Surfaces/meshes/black_concrete.png
[1.164s] DEBUG:colcon.colcon_core.task.python.build:While undoing a previous installation files outside the Python library path are being ignored: /home/sohan/slam_mrt/install/rover_gazebosim/share/rover_gazebosim/models/Surfaces/meshes/floor_8.mtl
[1.164s] DEBUG:colcon.colcon_core.task.python.build:While undoing a previous installation files outside the Python library path are being ignored: /home/sohan/slam_mrt/install/rover_gazebosim/share/rover_gazebosim/models/Surfaces/meshes/floor_9.obj
[1.164s] DEBUG:colcon.colcon_core.task.python.build:While undoing a previous installation files outside the Python library path are being ignored: /home/sohan/slam_mrt/install/rover_gazebosim/share/rover_gazebosim/models/Surfaces/meshes/floor_14.mtl
[1.164s] DEBUG:colcon.colcon_core.task.python.build:While undoing a previous installation files outside the Python library path are being ignored: /home/sohan/slam_mrt/install/rover_gazebosim/share/rover_gazebosim/models/Surfaces/meshes/floor_5.obj
[1.164s] DEBUG:colcon.colcon_core.task.python.build:While undoing a previous installation files outside the Python library path are being ignored: /home/sohan/slam_mrt/install/rover_gazebosim/share/rover_gazebosim/models/Surfaces/meshes/floor_13.mtl
[1.164s] DEBUG:colcon.colcon_core.task.python.build:While undoing a previous installation files outside the Python library path are being ignored: /home/sohan/slam_mrt/install/rover_gazebosim/share/rover_gazebosim/models/ConferenceTable/model.sdf
[1.164s] DEBUG:colcon.colcon_core.task.python.build:While undoing a previous installation files outside the Python library path are being ignored: /home/sohan/slam_mrt/install/rover_gazebosim/share/rover_gazebosim/models/ConferenceTable/model.config
[1.164s] DEBUG:colcon.colcon_core.task.python.build:While undoing a previous installation files outside the Python library path are being ignored: /home/sohan/slam_mrt/install/rover_gazebosim/share/rover_gazebosim/models/ConferenceTable/meshes/conference_table.stl
[1.164s] DEBUG:colcon.colcon_core.task.python.build:While undoing a previous installation files outside the Python library path are being ignored: /home/sohan/slam_mrt/install/rover_gazebosim/share/rover_gazebosim/models/Door/model.sdf
[1.164s] DEBUG:colcon.colcon_core.task.python.build:While undoing a previous installation files outside the Python library path are being ignored: /home/sohan/slam_mrt/install/rover_gazebosim/share/rover_gazebosim/models/Door/model.config
[1.164s] DEBUG:colcon.colcon_core.task.python.build:While undoing a previous installation files outside the Python library path are being ignored: /home/sohan/slam_mrt/install/rover_gazebosim/share/rover_gazebosim/models/Door/meshes/door.stl
[1.164s] DEBUG:colcon.colcon_core.task.python.build:While undoing a previous installation files outside the Python library path are being ignored: /home/sohan/slam_mrt/install/rover_gazebosim/share/rover_gazebosim/models/WaterDispenser/model.sdf
[1.164s] DEBUG:colcon.colcon_core.task.python.build:While undoing a previous installation files outside the Python library path are being ignored: /home/sohan/slam_mrt/install/rover_gazebosim/share/rover_gazebosim/models/WaterDispenser/model.config
[1.164s] DEBUG:colcon.colcon_core.task.python.build:While undoing a previous installation files outside the Python library path are being ignored: /home/sohan/slam_mrt/install/rover_gazebosim/share/rover_gazebosim/models/WaterDispenser/meshes/water_dispenser.dae
[1.164s] DEBUG:colcon.colcon_core.task.python.build:While undoing a previous installation files outside the Python library path are being ignored: /home/sohan/slam_mrt/install/rover_gazebosim/share/rover_gazebosim/models/Tv/model.sdf
[1.164s] DEBUG:colcon.colcon_core.task.python.build:While undoing a previous installation files outside the Python library path are being ignored: /home/sohan/slam_mrt/install/rover_gazebosim/share/rover_gazebosim/models/Tv/model.config
[1.164s] DEBUG:colcon.colcon_core.task.python.build:While undoing a previous installation files outside the Python library path are being ignored: /home/sohan/slam_mrt/install/rover_gazebosim/share/rover_gazebosim/models/Tv/meshes/tv.stl
[1.164s] DEBUG:colcon.colcon_core.task.python.build:While undoing a previous installation files outside the Python library path are being ignored: /home/sohan/slam_mrt/install/rover_gazebosim/share/rover_gazebosim/models/HusarionLogo/meshes/husarion_logo.dae
[1.164s] DEBUG:colcon.colcon_core.task.python.build:While undoing a previous installation files outside the Python library path are being ignored: /home/sohan/slam_mrt/install/rover_gazebosim/share/rover_gazebosim/models/Laptop/model.sdf
[1.164s] DEBUG:colcon.colcon_core.task.python.build:While undoing a previous installation files outside the Python library path are being ignored: /home/sohan/slam_mrt/install/rover_gazebosim/share/rover_gazebosim/models/Laptop/model.config
[1.164s] DEBUG:colcon.colcon_core.task.python.build:While undoing a previous installation files outside the Python library path are being ignored: /home/sohan/slam_mrt/install/rover_gazebosim/share/rover_gazebosim/models/Laptop/meshes/laptop.stl
[1.164s] DEBUG:colcon.colcon_core.task.python.build:While undoing a previous installation files outside the Python library path are being ignored: /home/sohan/slam_mrt/install/rover_gazebosim/share/rover_gazebosim/models/Kitchen/model.sdf
[1.164s] DEBUG:colcon.colcon_core.task.python.build:While undoing a previous installation files outside the Python library path are being ignored: /home/sohan/slam_mrt/install/rover_gazebosim/share/rover_gazebosim/models/Kitchen/model.config
[1.164s] DEBUG:colcon.colcon_core.task.python.build:While undoing a previous installation files outside the Python library path are being ignored: /home/sohan/slam_mrt/install/rover_gazebosim/share/rover_gazebosim/models/Kitchen/meshes/kitchen.stl
[1.164s] DEBUG:colcon.colcon_core.task.python.build:While undoing a previous installation files outside the Python library path are being ignored: /home/sohan/slam_mrt/install/rover_gazebosim/share/rover_gazebosim/models/Rosbot/model.sdf
[1.164s] DEBUG:colcon.colcon_core.task.python.build:While undoing a previous installation files outside the Python library path are being ignored: /home/sohan/slam_mrt/install/rover_gazebosim/share/rover_gazebosim/models/Rosbot/model.config
[1.164s] DEBUG:colcon.colcon_core.task.python.build:While undoing a previous installation files outside the Python library path are being ignored: /home/sohan/slam_mrt/install/rover_gazebosim/share/rover_gazebosim/models/Rosbot/meshes/box.dae
[1.164s] DEBUG:colcon.colcon_core.task.python.build:While undoing a previous installation files outside the Python library path are being ignored: /home/sohan/slam_mrt/install/rover_gazebosim/share/rover_gazebosim/models/Rosbot/meshes/rplidar.dae
[1.164s] DEBUG:colcon.colcon_core.task.python.build:While undoing a previous installation files outside the Python library path are being ignored: /home/sohan/slam_mrt/install/rover_gazebosim/share/rover_gazebosim/models/Rosbot/meshes/wheel.dae
[1.164s] DEBUG:colcon.colcon_core.task.python.build:While undoing a previous installation files outside the Python library path are being ignored: /home/sohan/slam_mrt/install/rover_gazebosim/share/rover_gazebosim/models/Rosbot/meshes/upper.dae
[1.164s] DEBUG:colcon.colcon_core.task.python.build:While undoing a previous installation files outside the Python library path are being ignored: /home/sohan/slam_mrt/install/rover_gazebosim/share/rover_gazebosim/models/Rosbot/meshes/astra.dae
[1.164s] DEBUG:colcon.colcon_core.task.python.build:While undoing a previous installation files outside the Python library path are being ignored: /home/sohan/slam_mrt/install/rover_gazebosim/lib/rover_gazebosim/cmd_vel_relay
[1.164s] DEBUG:colcon.colcon_core.task.python.build:While undoing a previous installation files outside the Python library path are being ignored: /home/sohan/slam_mrt/install/rover_gazebosim/lib/rover_gazebosim/twist_to_stamped
[1.169s] Level 1:colcon.colcon_core.environment:create_environment_scripts_only(husarion_components_description)
[1.169s] DEBUG:colcon.colcon_core.event_handler.log_command:Invoking command in '/home/sohan/slam_mrt/build/rover_gazebosim': DEBUGINFOD_URLS=https://debuginfod.ubuntu.com PYTHONPATH=/home/sohan/slam_mrt/build/rover_gazebosim/prefix_override:/usr/lib/python3/dist-packages/colcon_core/task/python/colcon_distutils_commands:/home/sohan/slam_mrt/install/rover_gazebosim/lib/python3.12/site-packages:${PYTHONPATH} /usr/bin/python3 -W ignore:setup.py install is deprecated -W ignore:easy_install command is deprecated setup.py develop --editable --build-directory /home/sohan/slam_mrt/build/rover_gazebosim/build --no-deps symlink_data --force
[1.170s] DEBUG:colcon.colcon_core.event_handler.log_command:Invoked command in '/home/sohan/slam_mrt/build/husarion_components_description' returned '0': CMAKE_PREFIX_PATH=${CMAKE_PREFIX_PATH}:/home/sohan/slam_mrt/install/rover_gazebosim:/home/sohan/slam_mrt/install/rover_ekf:/home/sohan/slam_mrt/install/ekf_dummy_pkg:/home/sohan/slam_mrt/install/ekf_assgn:/home/sohan/ekf_ws/install/rover_gazebosim:/home/sohan/ekf_ws/install/ekf_assgn:/opt/ros/jazzy DEBUGINFOD_URLS=https://debuginfod.ubuntu.com /usr/bin/cmake --install /home/sohan/slam_mrt/build/husarion_components_description
[1.172s] Level 1:colcon.colcon_core.environment:checking '/home/sohan/slam_mrt/install/husarion_components_description' for CMake module files
[1.172s] Level 1:colcon.colcon_core.environment:checking '/home/sohan/slam_mrt/install/husarion_components_description' for CMake config files
[1.172s] Level 1:colcon.colcon_core.shell:create_environment_hook('husarion_components_description', 'cmake_prefix_path')
[1.172s] INFO:colcon.colcon_core.shell:Creating environment hook '/home/sohan/slam_mrt/install/husarion_components_description/share/husarion_components_description/hook/cmake_prefix_path.ps1'
[1.173s] INFO:colcon.colcon_core.shell:Creating environment descriptor '/home/sohan/slam_mrt/install/husarion_components_description/share/husarion_components_description/hook/cmake_prefix_path.dsv'
[1.173s] INFO:colcon.colcon_core.shell:Creating environment hook '/home/sohan/slam_mrt/install/husarion_components_description/share/husarion_components_description/hook/cmake_prefix_path.sh'
[1.173s] Level 1:colcon.colcon_core.environment:checking '/home/sohan/slam_mrt/install/husarion_components_description/bin'
[1.173s] Level 1:colcon.colcon_core.environment:checking '/home/sohan/slam_mrt/install/husarion_components_description/lib/pkgconfig/husarion_components_description.pc'
[1.173s] Level 1:colcon.colcon_core.environment:checking '/home/sohan/slam_mrt/install/husarion_components_description/lib/python3.12/site-packages'
[1.174s] Level 1:colcon.colcon_core.environment:checking '/home/sohan/slam_mrt/install/husarion_components_description/bin'
[1.174s] INFO:colcon.colcon_core.shell:Creating package script '/home/sohan/slam_mrt/install/husarion_components_description/share/husarion_components_description/package.ps1'
[1.175s] INFO:colcon.colcon_core.shell:Creating package descriptor '/home/sohan/slam_mrt/install/husarion_components_description/share/husarion_components_description/package.dsv'
[1.175s] INFO:colcon.colcon_core.shell:Creating package script '/home/sohan/slam_mrt/install/husarion_components_description/share/husarion_components_description/package.sh'
[1.175s] INFO:colcon.colcon_core.shell:Creating package script '/home/sohan/slam_mrt/install/husarion_components_description/share/husarion_components_description/package.bash'
[1.175s] INFO:colcon.colcon_core.shell:Creating package script '/home/sohan/slam_mrt/install/husarion_components_description/share/husarion_components_description/package.zsh'
[1.176s] Level 1:colcon.colcon_core.environment:create_file_with_runtime_dependencies(/home/sohan/slam_mrt/install/husarion_components_description/share/colcon-core/packages/husarion_components_description)
[1.176s] Level 1:colcon.colcon_core.environment:create_environment_scripts_only(husarion_components_description)
[1.176s] Level 1:colcon.colcon_core.environment:checking '/home/sohan/slam_mrt/install/husarion_components_description' for CMake module files
[1.176s] Level 1:colcon.colcon_core.environment:checking '/home/sohan/slam_mrt/install/husarion_components_description' for CMake config files
[1.176s] Level 1:colcon.colcon_core.shell:create_environment_hook('husarion_components_description', 'cmake_prefix_path')
[1.176s] INFO:colcon.colcon_core.shell:Creating environment hook '/home/sohan/slam_mrt/install/husarion_components_description/share/husarion_components_description/hook/cmake_prefix_path.ps1'
[1.177s] INFO:colcon.colcon_core.shell:Creating environment descriptor '/home/sohan/slam_mrt/install/husarion_components_description/share/husarion_components_description/hook/cmake_prefix_path.dsv'
[1.177s] INFO:colcon.colcon_core.shell:Creating environment hook '/home/sohan/slam_mrt/install/husarion_components_description/share/husarion_components_description/hook/cmake_prefix_path.sh'
[1.177s] Level 1:colcon.colcon_core.environment:checking '/home/sohan/slam_mrt/install/husarion_components_description/bin'
[1.177s] Level 1:colcon.colcon_core.environment:checking '/home/sohan/slam_mrt/install/husarion_components_description/lib/pkgconfig/husarion_components_description.pc'
[1.177s] Level 1:colcon.colcon_core.environment:checking '/home/sohan/slam_mrt/install/husarion_components_description/lib/python3.12/site-packages'
[1.177s] Level 1:colcon.colcon_core.environment:checking '/home/sohan/slam_mrt/install/husarion_components_description/bin'
[1.177s] INFO:colcon.colcon_core.shell:Creating package script '/home/sohan/slam_mrt/install/husarion_components_description/share/husarion_components_description/package.ps1'
[1.178s] INFO:colcon.colcon_core.shell:Creating package descriptor '/home/sohan/slam_mrt/install/husarion_components_description/share/husarion_components_description/package.dsv'
[1.178s] INFO:colcon.colcon_core.shell:Creating package script '/home/sohan/slam_mrt/install/husarion_components_description/share/husarion_components_description/package.sh'
[1.178s] INFO:colcon.colcon_core.shell:Creating package script '/home/sohan/slam_mrt/install/husarion_components_description/share/husarion_components_description/package.bash'
[1.178s] INFO:colcon.colcon_core.shell:Creating package script '/home/sohan/slam_mrt/install/husarion_components_description/share/husarion_components_description/package.zsh'
[1.178s] Level 1:colcon.colcon_core.environment:create_file_with_runtime_dependencies(/home/sohan/slam_mrt/install/husarion_components_description/share/colcon-core/packages/husarion_components_description)
[1.179s] INFO:colcon.colcon_ros.task.ament_cmake.build:Building ROS package in '/home/sohan/slam_mrt/husarion_ugv_description' with build type 'ament_cmake'
[1.179s] INFO:colcon.colcon_cmake.task.cmake.build:Building CMake package in '/home/sohan/slam_mrt/husarion_ugv_description'
[1.179s] INFO:colcon.colcon_core.shell:Skip shell extension 'powershell' for command environment: Not usable outside of PowerShell
[1.179s] DEBUG:colcon.colcon_core.shell:Skip shell extension 'dsv' for command environment
[1.185s] DEBUG:colcon.colcon_core.event_handler.log_command:Invoking command in '/home/sohan/slam_mrt/build/husarion_ugv_description': CMAKE_PREFIX_PATH=/home/sohan/slam_mrt/install/husarion_components_description:/home/sohan/slam_mrt/install/husarion_ugv_controller:/home/sohan/slam_mrt/install/husarion_ugv_description:/home/sohan/ekf_ws/install/husarion_ugv_controller:/home/sohan/ekf_ws/install/husarion_ugv_description:/home/sohan/ekf_ws/install/husarion_components_description:/opt/ros/jazzy/opt/gz_sim_vendor:/opt/ros/jazzy/opt/gz_sensors_vendor:/opt/ros/jazzy/opt/gz_physics_vendor:/opt/ros/jazzy/opt/sdformat_vendor:/opt/ros/jazzy/opt/gz_gui_vendor:/opt/ros/jazzy/opt/gz_transport_vendor:/opt/ros/jazzy/opt/gz_rendering_vendor:/opt/ros/jazzy/opt/gz_plugin_vendor:/opt/ros/jazzy/opt/gz_fuel_tools_vendor:/opt/ros/jazzy/opt/gz_msgs_vendor:/opt/ros/jazzy/opt/gz_common_vendor:/opt/ros/jazzy/opt/gz_math_vendor:/opt/ros/jazzy/opt/gz_utils_vendor:/opt/ros/jazzy/opt/gz_tools_vendor:/opt/ros/jazzy/opt/gz_ogre_next_vendor:/opt/ros/jazzy/opt/gz_dartsim_vendor:/opt/ros/jazzy/opt/gz_cmake_vendor:/home/sohan/slam_mrt/install/rover_gazebosim:/home/sohan/slam_mrt/install/rover_ekf:/home/sohan/slam_mrt/install/ekf_dummy_pkg:/home/sohan/slam_mrt/install/ekf_assgn:/home/sohan/ekf_ws/install/rover_gazebosim:/home/sohan/ekf_ws/install/ekf_assgn:/opt/ros/jazzy DEBUGINFOD_URLS=https://debuginfod.ubuntu.com /usr/bin/cmake /home/sohan/slam_mrt/husarion_ugv_description -DAMENT_CMAKE_SYMLINK_INSTALL=1 -DCMAKE_INSTALL_PREFIX=/home/sohan/slam_mrt/install/husarion_ugv_description
[1.398s] DEBUG:colcon.colcon_core.event_handler.log_command:Invoked command in '/home/sohan/slam_mrt/build/husarion_ugv_description' returned '0': CMAKE_PREFIX_PATH=/home/sohan/slam_mrt/install/husarion_components_description:/home/sohan/slam_mrt/install/husarion_ugv_controller:/home/sohan/slam_mrt/install/husarion_ugv_description:/home/sohan/ekf_ws/install/husarion_ugv_controller:/home/sohan/ekf_ws/install/husarion_ugv_description:/home/sohan/ekf_ws/install/husarion_components_description:/opt/ros/jazzy/opt/gz_sim_vendor:/opt/ros/jazzy/opt/gz_sensors_vendor:/opt/ros/jazzy/opt/gz_physics_vendor:/opt/ros/jazzy/opt/sdformat_vendor:/opt/ros/jazzy/opt/gz_gui_vendor:/opt/ros/jazzy/opt/gz_transport_vendor:/opt/ros/jazzy/opt/gz_rendering_vendor:/opt/ros/jazzy/opt/gz_plugin_vendor:/opt/ros/jazzy/opt/gz_fuel_tools_vendor:/opt/ros/jazzy/opt/gz_msgs_vendor:/opt/ros/jazzy/opt/gz_common_vendor:/opt/ros/jazzy/opt/gz_math_vendor:/opt/ros/jazzy/opt/gz_utils_vendor:/opt/ros/jazzy/opt/gz_tools_vendor:/opt/ros/jazzy/opt/gz_ogre_next_vendor:/opt/ros/jazzy/opt/gz_dartsim_vendor:/opt/ros/jazzy/opt/gz_cmake_vendor:/home/sohan/slam_mrt/install/rover_gazebosim:/home/sohan/slam_mrt/install/rover_ekf:/home/sohan/slam_mrt/install/ekf_dummy_pkg:/home/sohan/slam_mrt/install/ekf_assgn:/home/sohan/ekf_ws/install/rover_gazebosim:/home/sohan/ekf_ws/install/ekf_assgn:/opt/ros/jazzy DEBUGINFOD_URLS=https://debuginfod.ubuntu.com /usr/bin/cmake /home/sohan/slam_mrt/husarion_ugv_description -DAMENT_CMAKE_SYMLINK_INSTALL=1 -DCMAKE_INSTALL_PREFIX=/home/sohan/slam_mrt/install/husarion_ugv_description
[1.399s] DEBUG:colcon.colcon_core.event_handler.log_command:Invoking command in '/home/sohan/slam_mrt/build/husarion_ugv_description': CMAKE_PREFIX_PATH=/home/sohan/slam_mrt/install/husarion_components_description:/home/sohan/slam_mrt/install/husarion_ugv_controller:/home/sohan/slam_mrt/install/husarion_ugv_description:/home/sohan/ekf_ws/install/husarion_ugv_controller:/home/sohan/ekf_ws/install/husarion_ugv_description:/home/sohan/ekf_ws/install/husarion_components_description:/opt/ros/jazzy/opt/gz_sim_vendor:/opt/ros/jazzy/opt/gz_sensors_vendor:/opt/ros/jazzy/opt/gz_physics_vendor:/opt/ros/jazzy/opt/sdformat_vendor:/opt/ros/jazzy/opt/gz_gui_vendor:/opt/ros/jazzy/opt/gz_transport_vendor:/opt/ros/jazzy/opt/gz_rendering_vendor:/opt/ros/jazzy/opt/gz_plugin_vendor:/opt/ros/jazzy/opt/gz_fuel_tools_vendor:/opt/ros/jazzy/opt/gz_msgs_vendor:/opt/ros/jazzy/opt/gz_common_vendor:/opt/ros/jazzy/opt/gz_math_vendor:/opt/ros/jazzy/opt/gz_utils_vendor:/opt/ros/jazzy/opt/gz_tools_vendor:/opt/ros/jazzy/opt/gz_ogre_next_vendor:/opt/ros/jazzy/opt/gz_dartsim_vendor:/opt/ros/jazzy/opt/gz_cmake_vendor:/home/sohan/slam_mrt/install/rover_gazebosim:/home/sohan/slam_mrt/install/rover_ekf:/home/sohan/slam_mrt/install/ekf_dummy_pkg:/home/sohan/slam_mrt/install/ekf_assgn:/home/sohan/ekf_ws/install/rover_gazebosim:/home/sohan/ekf_ws/install/ekf_assgn:/opt/ros/jazzy DEBUGINFOD_URLS=https://debuginfod.ubuntu.com /usr/bin/cmake --build /home/sohan/slam_mrt/build/husarion_ugv_description -- -j32 -l32
[1.426s] DEBUG:colcon.colcon_core.event_handler.log_command:Invoked command in '/home/sohan/slam_mrt/build/husarion_ugv_description' returned '0': CMAKE_PREFIX_PATH=/home/sohan/slam_mrt/install/husarion_components_description:/home/sohan/slam_mrt/install/husarion_ugv_controller:/home/sohan/slam_mrt/install/husarion_ugv_description:/home/sohan/ekf_ws/install/husarion_ugv_controller:/home/sohan/ekf_ws/install/husarion_ugv_description:/home/sohan/ekf_ws/install/husarion_components_description:/opt/ros/jazzy/opt/gz_sim_vendor:/opt/ros/jazzy/opt/gz_sensors_vendor:/opt/ros/jazzy/opt/gz_physics_vendor:/opt/ros/jazzy/opt/sdformat_vendor:/opt/ros/jazzy/opt/gz_gui_vendor:/opt/ros/jazzy/opt/gz_transport_vendor:/opt/ros/jazzy/opt/gz_rendering_vendor:/opt/ros/jazzy/opt/gz_plugin_vendor:/opt/ros/jazzy/opt/gz_fuel_tools_vendor:/opt/ros/jazzy/opt/gz_msgs_vendor:/opt/ros/jazzy/opt/gz_common_vendor:/opt/ros/jazzy/opt/gz_math_vendor:/opt/ros/jazzy/opt/gz_utils_vendor:/opt/ros/jazzy/opt/gz_tools_vendor:/opt/ros/jazzy/opt/gz_ogre_next_vendor:/opt/ros/jazzy/opt/gz_dartsim_vendor:/opt/ros/jazzy/opt/gz_cmake_vendor:/home/sohan/slam_mrt/install/rover_gazebosim:/home/sohan/slam_mrt/install/rover_ekf:/home/sohan/slam_mrt/install/ekf_dummy_pkg:/home/sohan/slam_mrt/install/ekf_assgn:/home/sohan/ekf_ws/install/rover_gazebosim:/home/sohan/ekf_ws/install/ekf_assgn:/opt/ros/jazzy DEBUGINFOD_URLS=https://debuginfod.ubuntu.com /usr/bin/cmake --build /home/sohan/slam_mrt/build/husarion_ugv_description -- -j32 -l32
[1.427s] DEBUG:colcon.colcon_core.event_handler.log_command:Invoking command in '/home/sohan/slam_mrt/build/husarion_ugv_description': CMAKE_PREFIX_PATH=/home/sohan/slam_mrt/install/husarion_components_description:/home/sohan/slam_mrt/install/husarion_ugv_controller:/home/sohan/slam_mrt/install/husarion_ugv_description:/home/sohan/ekf_ws/install/husarion_ugv_controller:/home/sohan/ekf_ws/install/husarion_ugv_description:/home/sohan/ekf_ws/install/husarion_components_description:/opt/ros/jazzy/opt/gz_sim_vendor:/opt/ros/jazzy/opt/gz_sensors_vendor:/opt/ros/jazzy/opt/gz_physics_vendor:/opt/ros/jazzy/opt/sdformat_vendor:/opt/ros/jazzy/opt/gz_gui_vendor:/opt/ros/jazzy/opt/gz_transport_vendor:/opt/ros/jazzy/opt/gz_rendering_vendor:/opt/ros/jazzy/opt/gz_plugin_vendor:/opt/ros/jazzy/opt/gz_fuel_tools_vendor:/opt/ros/jazzy/opt/gz_msgs_vendor:/opt/ros/jazzy/opt/gz_common_vendor:/opt/ros/jazzy/opt/gz_math_vendor:/opt/ros/jazzy/opt/gz_utils_vendor:/opt/ros/jazzy/opt/gz_tools_vendor:/opt/ros/jazzy/opt/gz_ogre_next_vendor:/opt/ros/jazzy/opt/gz_dartsim_vendor:/opt/ros/jazzy/opt/gz_cmake_vendor:/home/sohan/slam_mrt/install/rover_gazebosim:/home/sohan/slam_mrt/install/rover_ekf:/home/sohan/slam_mrt/install/ekf_dummy_pkg:/home/sohan/slam_mrt/install/ekf_assgn:/home/sohan/ekf_ws/install/rover_gazebosim:/home/sohan/ekf_ws/install/ekf_assgn:/opt/ros/jazzy DEBUGINFOD_URLS=https://debuginfod.ubuntu.com /usr/bin/cmake --install /home/sohan/slam_mrt/build/husarion_ugv_description
[1.493s] Level 1:colcon.colcon_core.shell:create_environment_hook('ekf_assgn', 'pythonpath_develop')
[1.493s] INFO:colcon.colcon_core.shell:Creating environment hook '/home/sohan/slam_mrt/build/ekf_assgn/share/ekf_assgn/hook/pythonpath_develop.ps1'
[1.493s] DEBUG:colcon.colcon_core.event_handler.log_command:Invoked command in '/home/sohan/slam_mrt/build/ekf_assgn' returned '0': DEBUGINFOD_URLS=https://debuginfod.ubuntu.com PYTHONPATH=/home/sohan/slam_mrt/build/ekf_assgn/prefix_override:/usr/lib/python3/dist-packages/colcon_core/task/python/colcon_distutils_commands:/home/sohan/slam_mrt/install/ekf_assgn/lib/python3.12/site-packages:${PYTHONPATH} /usr/bin/python3 -W ignore:setup.py install is deprecated -W ignore:easy_install command is deprecated setup.py develop --editable --build-directory /home/sohan/slam_mrt/build/ekf_assgn/build --no-deps symlink_data --force
[1.494s] INFO:colcon.colcon_core.shell:Creating environment descriptor '/home/sohan/slam_mrt/build/ekf_assgn/share/ekf_assgn/hook/pythonpath_develop.dsv'
[1.494s] INFO:colcon.colcon_core.shell:Creating environment hook '/home/sohan/slam_mrt/build/ekf_assgn/share/ekf_assgn/hook/pythonpath_develop.sh'
[1.494s] Level 1:colcon.colcon_core.environment:checking '/home/sohan/slam_mrt/install/ekf_assgn' for CMake module files
[1.494s] Level 1:colcon.colcon_core.environment:checking '/home/sohan/slam_mrt/install/ekf_assgn' for CMake config files
[1.495s] Level 1:colcon.colcon_core.environment:checking '/home/sohan/slam_mrt/install/ekf_assgn/lib'
[1.495s] Level 1:colcon.colcon_core.environment:checking '/home/sohan/slam_mrt/install/ekf_assgn/bin'
[1.495s] Level 1:colcon.colcon_core.environment:checking '/home/sohan/slam_mrt/install/ekf_assgn/lib/pkgconfig/ekf_assgn.pc'
[1.495s] Level 1:colcon.colcon_core.environment:checking '/home/sohan/slam_mrt/install/ekf_assgn/lib/python3.12/site-packages'
[1.495s] Level 1:colcon.colcon_core.shell:create_environment_hook('ekf_assgn', 'pythonpath')
[1.495s] INFO:colcon.colcon_core.shell:Creating environment hook '/home/sohan/slam_mrt/install/ekf_assgn/share/ekf_assgn/hook/pythonpath.ps1'
[1.495s] INFO:colcon.colcon_core.shell:Creating environment descriptor '/home/sohan/slam_mrt/install/ekf_assgn/share/ekf_assgn/hook/pythonpath.dsv'
[1.495s] INFO:colcon.colcon_core.shell:Creating environment hook '/home/sohan/slam_mrt/install/ekf_assgn/share/ekf_assgn/hook/pythonpath.sh'
[1.496s] Level 1:colcon.colcon_core.environment:checking '/home/sohan/slam_mrt/install/ekf_assgn/bin'
[1.496s] Level 1:colcon.colcon_core.environment:create_environment_scripts_only(ekf_assgn)
[1.496s] INFO:colcon.colcon_core.shell:Creating package script '/home/sohan/slam_mrt/install/ekf_assgn/share/ekf_assgn/package.ps1'
[1.496s] INFO:colcon.colcon_core.shell:Creating package descriptor '/home/sohan/slam_mrt/install/ekf_assgn/share/ekf_assgn/package.dsv'
[1.496s] INFO:colcon.colcon_core.shell:Creating package script '/home/sohan/slam_mrt/install/ekf_assgn/share/ekf_assgn/package.sh'
[1.497s] INFO:colcon.colcon_core.shell:Creating package script '/home/sohan/slam_mrt/install/ekf_assgn/share/ekf_assgn/package.bash'
[1.497s] INFO:colcon.colcon_core.shell:Creating package script '/home/sohan/slam_mrt/install/ekf_assgn/share/ekf_assgn/package.zsh'
[1.497s] Level 1:colcon.colcon_core.environment:create_file_with_runtime_dependencies(/home/sohan/slam_mrt/install/ekf_assgn/share/colcon-core/packages/ekf_assgn)
[1.497s] Level 1:colcon.colcon_core.shell:create_environment_hook('rover_ekf', 'pythonpath_develop')
[1.498s] INFO:colcon.colcon_core.shell:Creating environment hook '/home/sohan/slam_mrt/build/rover_ekf/share/rover_ekf/hook/pythonpath_develop.ps1'
[1.498s] DEBUG:colcon.colcon_core.event_handler.log_command:Invoked command in '/home/sohan/slam_mrt/build/rover_ekf' returned '0': DEBUGINFOD_URLS=https://debuginfod.ubuntu.com PYTHONPATH=/home/sohan/slam_mrt/build/rover_ekf/prefix_override:/usr/lib/python3/dist-packages/colcon_core/task/python/colcon_distutils_commands:/home/sohan/slam_mrt/install/rover_ekf/lib/python3.12/site-packages:${PYTHONPATH} /usr/bin/python3 -W ignore:setup.py install is deprecated -W ignore:easy_install command is deprecated setup.py develop --editable --build-directory /home/sohan/slam_mrt/build/rover_ekf/build --no-deps symlink_data --force
[1.498s] INFO:colcon.colcon_core.shell:Creating environment descriptor '/home/sohan/slam_mrt/build/rover_ekf/share/rover_ekf/hook/pythonpath_develop.dsv'
[1.498s] INFO:colcon.colcon_core.shell:Creating environment hook '/home/sohan/slam_mrt/build/rover_ekf/share/rover_ekf/hook/pythonpath_develop.sh'
[1.499s] Level 1:colcon.colcon_core.environment:checking '/home/sohan/slam_mrt/install/rover_ekf' for CMake module files
[1.499s] Level 1:colcon.colcon_core.environment:checking '/home/sohan/slam_mrt/install/rover_ekf' for CMake config files
[1.499s] Level 1:colcon.colcon_core.environment:checking '/home/sohan/slam_mrt/install/rover_ekf/lib'
[1.499s] Level 1:colcon.colcon_core.environment:checking '/home/sohan/slam_mrt/install/rover_ekf/bin'
[1.499s] Level 1:colcon.colcon_core.environment:checking '/home/sohan/slam_mrt/install/rover_ekf/lib/pkgconfig/rover_ekf.pc'
[1.499s] Level 1:colcon.colcon_core.environment:checking '/home/sohan/slam_mrt/install/rover_ekf/lib/python3.12/site-packages'
[1.499s] Level 1:colcon.colcon_core.shell:create_environment_hook('rover_ekf', 'pythonpath')
[1.499s] INFO:colcon.colcon_core.shell:Creating environment hook '/home/sohan/slam_mrt/install/rover_ekf/share/rover_ekf/hook/pythonpath.ps1'
[1.499s] INFO:colcon.colcon_core.shell:Creating environment descriptor '/home/sohan/slam_mrt/install/rover_ekf/share/rover_ekf/hook/pythonpath.dsv'
[1.500s] INFO:colcon.colcon_core.shell:Creating environment hook '/home/sohan/slam_mrt/install/rover_ekf/share/rover_ekf/hook/pythonpath.sh'
[1.500s] Level 1:colcon.colcon_core.environment:checking '/home/sohan/slam_mrt/install/rover_ekf/bin'
[1.500s] Level 1:colcon.colcon_core.environment:create_environment_scripts_only(rover_ekf)
[1.500s] INFO:colcon.colcon_core.shell:Creating package script '/home/sohan/slam_mrt/install/rover_ekf/share/rover_ekf/package.ps1'
[1.500s] INFO:colcon.colcon_core.shell:Creating package descriptor '/home/sohan/slam_mrt/install/rover_ekf/share/rover_ekf/package.dsv'
[1.501s] INFO:colcon.colcon_core.shell:Creating package script '/home/sohan/slam_mrt/install/rover_ekf/share/rover_ekf/package.sh'
[1.501s] INFO:colcon.colcon_core.shell:Creating package script '/home/sohan/slam_mrt/install/rover_ekf/share/rover_ekf/package.bash'
[1.501s] INFO:colcon.colcon_core.shell:Creating package script '/home/sohan/slam_mrt/install/rover_ekf/share/rover_ekf/package.zsh'
[1.501s] Level 1:colcon.colcon_core.environment:create_file_with_runtime_dependencies(/home/sohan/slam_mrt/install/rover_ekf/share/colcon-core/packages/rover_ekf)
[1.501s] Level 1:colcon.colcon_core.shell:create_environment_hook('ekf_dummy_pkg', 'pythonpath_develop')
[1.501s] INFO:colcon.colcon_core.shell:Creating environment hook '/home/sohan/slam_mrt/build/ekf_dummy_pkg/share/ekf_dummy_pkg/hook/pythonpath_develop.ps1'
[1.502s] DEBUG:colcon.colcon_core.event_handler.log_command:Invoked command in '/home/sohan/slam_mrt/build/ekf_dummy_pkg' returned '0': DEBUGINFOD_URLS=https://debuginfod.ubuntu.com PYTHONPATH=/home/sohan/slam_mrt/build/ekf_dummy_pkg/prefix_override:/usr/lib/python3/dist-packages/colcon_core/task/python/colcon_distutils_commands:/home/sohan/slam_mrt/install/ekf_dummy_pkg/lib/python3.12/site-packages:${PYTHONPATH} /usr/bin/python3 -W ignore:setup.py install is deprecated -W ignore:easy_install command is deprecated setup.py develop --editable --build-directory /home/sohan/slam_mrt/build/ekf_dummy_pkg/build --no-deps symlink_data --force
[1.502s] INFO:colcon.colcon_core.shell:Creating environment descriptor '/home/sohan/slam_mrt/build/ekf_dummy_pkg/share/ekf_dummy_pkg/hook/pythonpath_develop.dsv'
[1.502s] INFO:colcon.colcon_core.shell:Creating environment hook '/home/sohan/slam_mrt/build/ekf_dummy_pkg/share/ekf_dummy_pkg/hook/pythonpath_develop.sh'
[1.502s] Level 1:colcon.colcon_core.environment:checking '/home/sohan/slam_mrt/install/ekf_dummy_pkg' for CMake module files
[1.502s] Level 1:colcon.colcon_core.environment:checking '/home/sohan/slam_mrt/install/ekf_dummy_pkg' for CMake config files
[1.503s] Level 1:colcon.colcon_core.environment:checking '/home/sohan/slam_mrt/install/ekf_dummy_pkg/lib'
[1.503s] Level 1:colcon.colcon_core.environment:checking '/home/sohan/slam_mrt/install/ekf_dummy_pkg/bin'
[1.503s] Level 1:colcon.colcon_core.environment:checking '/home/sohan/slam_mrt/install/ekf_dummy_pkg/lib/pkgconfig/ekf_dummy_pkg.pc'
[1.503s] Level 1:colcon.colcon_core.environment:checking '/home/sohan/slam_mrt/install/ekf_dummy_pkg/lib/python3.12/site-packages'
[1.503s] Level 1:colcon.colcon_core.shell:create_environment_hook('ekf_dummy_pkg', 'pythonpath')
[1.503s] INFO:colcon.colcon_core.shell:Creating environment hook '/home/sohan/slam_mrt/install/ekf_dummy_pkg/share/ekf_dummy_pkg/hook/pythonpath.ps1'
[1.503s] INFO:colcon.colcon_core.shell:Creating environment descriptor '/home/sohan/slam_mrt/install/ekf_dummy_pkg/share/ekf_dummy_pkg/hook/pythonpath.dsv'
[1.504s] INFO:colcon.colcon_core.shell:Creating environment hook '/home/sohan/slam_mrt/install/ekf_dummy_pkg/share/ekf_dummy_pkg/hook/pythonpath.sh'
[1.504s] Level 1:colcon.colcon_core.environment:checking '/home/sohan/slam_mrt/install/ekf_dummy_pkg/bin'
[1.504s] Level 1:colcon.colcon_core.environment:create_environment_scripts_only(ekf_dummy_pkg)
[1.504s] INFO:colcon.colcon_core.shell:Creating package script '/home/sohan/slam_mrt/install/ekf_dummy_pkg/share/ekf_dummy_pkg/package.ps1'
[1.504s] INFO:colcon.colcon_core.shell:Creating package descriptor '/home/sohan/slam_mrt/install/ekf_dummy_pkg/share/ekf_dummy_pkg/package.dsv'
[1.505s] INFO:colcon.colcon_core.shell:Creating package script '/home/sohan/slam_mrt/install/ekf_dummy_pkg/share/ekf_dummy_pkg/package.sh'
[1.505s] INFO:colcon.colcon_core.shell:Creating package script '/home/sohan/slam_mrt/install/ekf_dummy_pkg/share/ekf_dummy_pkg/package.bash'
[1.505s] INFO:colcon.colcon_core.shell:Creating package script '/home/sohan/slam_mrt/install/ekf_dummy_pkg/share/ekf_dummy_pkg/package.zsh'
[1.505s] Level 1:colcon.colcon_core.environment:create_file_with_runtime_dependencies(/home/sohan/slam_mrt/install/ekf_dummy_pkg/share/colcon-core/packages/ekf_dummy_pkg)
[1.511s] Level 1:colcon.colcon_core.shell:create_environment_hook('rover_gazebosim', 'pythonpath_develop')
[1.511s] INFO:colcon.colcon_core.shell:Creating environment hook '/home/sohan/slam_mrt/build/rover_gazebosim/share/rover_gazebosim/hook/pythonpath_develop.ps1'
[1.511s] DEBUG:colcon.colcon_core.event_handler.log_command:Invoked command in '/home/sohan/slam_mrt/build/rover_gazebosim' returned '0': DEBUGINFOD_URLS=https://debuginfod.ubuntu.com PYTHONPATH=/home/sohan/slam_mrt/build/rover_gazebosim/prefix_override:/usr/lib/python3/dist-packages/colcon_core/task/python/colcon_distutils_commands:/home/sohan/slam_mrt/install/rover_gazebosim/lib/python3.12/site-packages:${PYTHONPATH} /usr/bin/python3 -W ignore:setup.py install is deprecated -W ignore:easy_install command is deprecated setup.py develop --editable --build-directory /home/sohan/slam_mrt/build/rover_gazebosim/build --no-deps symlink_data --force
[1.511s] INFO:colcon.colcon_core.shell:Creating environment descriptor '/home/sohan/slam_mrt/build/rover_gazebosim/share/rover_gazebosim/hook/pythonpath_develop.dsv'
[1.512s] INFO:colcon.colcon_core.shell:Creating environment hook '/home/sohan/slam_mrt/build/rover_gazebosim/share/rover_gazebosim/hook/pythonpath_develop.sh'
[1.512s] Level 1:colcon.colcon_core.environment:checking '/home/sohan/slam_mrt/install/rover_gazebosim' for CMake module files
[1.512s] Level 1:colcon.colcon_core.environment:checking '/home/sohan/slam_mrt/install/rover_gazebosim' for CMake config files
[1.513s] Level 1:colcon.colcon_core.environment:checking '/home/sohan/slam_mrt/install/rover_gazebosim/lib'
[1.513s] Level 1:colcon.colcon_core.environment:checking '/home/sohan/slam_mrt/install/rover_gazebosim/bin'
[1.513s] Level 1:colcon.colcon_core.environment:checking '/home/sohan/slam_mrt/install/rover_gazebosim/lib/pkgconfig/rover_gazebosim.pc'
[1.514s] Level 1:colcon.colcon_core.environment:checking '/home/sohan/slam_mrt/install/rover_gazebosim/lib/python3.12/site-packages'
[1.514s] Level 1:colcon.colcon_core.shell:create_environment_hook('rover_gazebosim', 'pythonpath')
[1.514s] INFO:colcon.colcon_core.shell:Creating environment hook '/home/sohan/slam_mrt/install/rover_gazebosim/share/rover_gazebosim/hook/pythonpath.ps1'
[1.514s] INFO:colcon.colcon_core.shell:Creating environment descriptor '/home/sohan/slam_mrt/install/rover_gazebosim/share/rover_gazebosim/hook/pythonpath.dsv'
[1.514s] INFO:colcon.colcon_core.shell:Creating environment hook '/home/sohan/slam_mrt/install/rover_gazebosim/share/rover_gazebosim/hook/pythonpath.sh'
[1.514s] Level 1:colcon.colcon_core.environment:checking '/home/sohan/slam_mrt/install/rover_gazebosim/bin'
[1.514s] Level 1:colcon.colcon_core.environment:create_environment_scripts_only(rover_gazebosim)
[1.515s] INFO:colcon.colcon_core.shell:Creating package script '/home/sohan/slam_mrt/install/rover_gazebosim/share/rover_gazebosim/package.ps1'
[1.515s] INFO:colcon.colcon_core.shell:Creating package descriptor '/home/sohan/slam_mrt/install/rover_gazebosim/share/rover_gazebosim/package.dsv'
[1.515s] INFO:colcon.colcon_core.shell:Creating package script '/home/sohan/slam_mrt/install/rover_gazebosim/share/rover_gazebosim/package.sh'
[1.515s] INFO:colcon.colcon_core.shell:Creating package script '/home/sohan/slam_mrt/install/rover_gazebosim/share/rover_gazebosim/package.bash'
[1.515s] INFO:colcon.colcon_core.shell:Creating package script '/home/sohan/slam_mrt/install/rover_gazebosim/share/rover_gazebosim/package.zsh'
[1.515s] Level 1:colcon.colcon_core.environment:create_file_with_runtime_dependencies(/home/sohan/slam_mrt/install/rover_gazebosim/share/colcon-core/packages/rover_gazebosim)
[1.723s] Level 1:colcon.colcon_core.environment:create_environment_scripts_only(husarion_ugv_description)
[1.723s] Level 1:colcon.colcon_core.environment:checking '/home/sohan/slam_mrt/install/husarion_ugv_description' for CMake module files
[1.723s] DEBUG:colcon.colcon_core.event_handler.log_command:Invoked command in '/home/sohan/slam_mrt/build/husarion_ugv_description' returned '0': CMAKE_PREFIX_PATH=/home/sohan/slam_mrt/install/husarion_components_description:/home/sohan/slam_mrt/install/husarion_ugv_controller:/home/sohan/slam_mrt/install/husarion_ugv_description:/home/sohan/ekf_ws/install/husarion_ugv_controller:/home/sohan/ekf_ws/install/husarion_ugv_description:/home/sohan/ekf_ws/install/husarion_components_description:/opt/ros/jazzy/opt/gz_sim_vendor:/opt/ros/jazzy/opt/gz_sensors_vendor:/opt/ros/jazzy/opt/gz_physics_vendor:/opt/ros/jazzy/opt/sdformat_vendor:/opt/ros/jazzy/opt/gz_gui_vendor:/opt/ros/jazzy/opt/gz_transport_vendor:/opt/ros/jazzy/opt/gz_rendering_vendor:/opt/ros/jazzy/opt/gz_plugin_vendor:/opt/ros/jazzy/opt/gz_fuel_tools_vendor:/opt/ros/jazzy/opt/gz_msgs_vendor:/opt/ros/jazzy/opt/gz_common_vendor:/opt/ros/jazzy/opt/gz_math_vendor:/opt/ros/jazzy/opt/gz_utils_vendor:/opt/ros/jazzy/opt/gz_tools_vendor:/opt/ros/jazzy/opt/gz_ogre_next_vendor:/opt/ros/jazzy/opt/gz_dartsim_vendor:/opt/ros/jazzy/opt/gz_cmake_vendor:/home/sohan/slam_mrt/install/rover_gazebosim:/home/sohan/slam_mrt/install/rover_ekf:/home/sohan/slam_mrt/install/ekf_dummy_pkg:/home/sohan/slam_mrt/install/ekf_assgn:/home/sohan/ekf_ws/install/rover_gazebosim:/home/sohan/ekf_ws/install/ekf_assgn:/opt/ros/jazzy DEBUGINFOD_URLS=https://debuginfod.ubuntu.com /usr/bin/cmake --install /home/sohan/slam_mrt/build/husarion_ugv_description
[1.723s] Level 1:colcon.colcon_core.environment:checking '/home/sohan/slam_mrt/install/husarion_ugv_description' for CMake config files
[1.724s] Level 1:colcon.colcon_core.shell:create_environment_hook('husarion_ugv_description', 'cmake_prefix_path')
[1.724s] INFO:colcon.colcon_core.shell:Creating environment hook '/home/sohan/slam_mrt/install/husarion_ugv_description/share/husarion_ugv_description/hook/cmake_prefix_path.ps1'
[1.724s] INFO:colcon.colcon_core.shell:Creating environment descriptor '/home/sohan/slam_mrt/install/husarion_ugv_description/share/husarion_ugv_description/hook/cmake_prefix_path.dsv'
[1.725s] INFO:colcon.colcon_core.shell:Creating environment hook '/home/sohan/slam_mrt/install/husarion_ugv_description/share/husarion_ugv_description/hook/cmake_prefix_path.sh'
[1.725s] Level 1:colcon.colcon_core.environment:checking '/home/sohan/slam_mrt/install/husarion_ugv_description/bin'
[1.725s] Level 1:colcon.colcon_core.environment:checking '/home/sohan/slam_mrt/install/husarion_ugv_description/lib/pkgconfig/husarion_ugv_description.pc'
[1.726s] Level 1:colcon.colcon_core.environment:checking '/home/sohan/slam_mrt/install/husarion_ugv_description/lib/python3.12/site-packages'
[1.726s] Level 1:colcon.colcon_core.environment:checking '/home/sohan/slam_mrt/install/husarion_ugv_description/bin'
[1.726s] INFO:colcon.colcon_core.shell:Creating package script '/home/sohan/slam_mrt/install/husarion_ugv_description/share/husarion_ugv_description/package.ps1'
[1.726s] INFO:colcon.colcon_core.shell:Creating package descriptor '/home/sohan/slam_mrt/install/husarion_ugv_description/share/husarion_ugv_description/package.dsv'
[1.727s] INFO:colcon.colcon_core.shell:Creating package script '/home/sohan/slam_mrt/install/husarion_ugv_description/share/husarion_ugv_description/package.sh'
[1.727s] INFO:colcon.colcon_core.shell:Creating package script '/home/sohan/slam_mrt/install/husarion_ugv_description/share/husarion_ugv_description/package.bash'
[1.727s] INFO:colcon.colcon_core.shell:Creating package script '/home/sohan/slam_mrt/install/husarion_ugv_description/share/husarion_ugv_description/package.zsh'
[1.727s] Level 1:colcon.colcon_core.environment:create_file_with_runtime_dependencies(/home/sohan/slam_mrt/install/husarion_ugv_description/share/colcon-core/packages/husarion_ugv_description)
[1.727s] Level 1:colcon.colcon_core.environment:create_environment_scripts_only(husarion_ugv_description)
[1.728s] Level 1:colcon.colcon_core.environment:checking '/home/sohan/slam_mrt/install/husarion_ugv_description' for CMake module files
[1.728s] Level 1:colcon.colcon_core.environment:checking '/home/sohan/slam_mrt/install/husarion_ugv_description' for CMake config files
[1.728s] Level 1:colcon.colcon_core.shell:create_environment_hook('husarion_ugv_description', 'cmake_prefix_path')
[1.728s] INFO:colcon.colcon_core.shell:Creating environment hook '/home/sohan/slam_mrt/install/husarion_ugv_description/share/husarion_ugv_description/hook/cmake_prefix_path.ps1'
[1.729s] INFO:colcon.colcon_core.shell:Creating environment descriptor '/home/sohan/slam_mrt/install/husarion_ugv_description/share/husarion_ugv_description/hook/cmake_prefix_path.dsv'
[1.729s] INFO:colcon.colcon_core.shell:Creating environment hook '/home/sohan/slam_mrt/install/husarion_ugv_description/share/husarion_ugv_description/hook/cmake_prefix_path.sh'
[1.729s] Level 1:colcon.colcon_core.environment:checking '/home/sohan/slam_mrt/install/husarion_ugv_description/bin'
[1.729s] Level 1:colcon.colcon_core.environment:checking '/home/sohan/slam_mrt/install/husarion_ugv_description/lib/pkgconfig/husarion_ugv_description.pc'
[1.730s] Level 1:colcon.colcon_core.environment:checking '/home/sohan/slam_mrt/install/husarion_ugv_description/lib/python3.12/site-packages'
[1.730s] Level 1:colcon.colcon_core.environment:checking '/home/sohan/slam_mrt/install/husarion_ugv_description/bin'
[1.730s] INFO:colcon.colcon_core.shell:Creating package script '/home/sohan/slam_mrt/install/husarion_ugv_description/share/husarion_ugv_description/package.ps1'
[1.730s] INFO:colcon.colcon_core.shell:Creating package descriptor '/home/sohan/slam_mrt/install/husarion_ugv_description/share/husarion_ugv_description/package.dsv'
[1.730s] INFO:colcon.colcon_core.shell:Creating package script '/home/sohan/slam_mrt/install/husarion_ugv_description/share/husarion_ugv_description/package.sh'
[1.730s] INFO:colcon.colcon_core.shell:Creating package script '/home/sohan/slam_mrt/install/husarion_ugv_description/share/husarion_ugv_description/package.bash'
[1.731s] INFO:colcon.colcon_core.shell:Creating package script '/home/sohan/slam_mrt/install/husarion_ugv_description/share/husarion_ugv_description/package.zsh'
[1.731s] Level 1:colcon.colcon_core.environment:create_file_with_runtime_dependencies(/home/sohan/slam_mrt/install/husarion_ugv_description/share/colcon-core/packages/husarion_ugv_description)
[1.731s] INFO:colcon.colcon_ros.task.ament_cmake.build:Building ROS package in '/home/sohan/slam_mrt/husarion_ugv_controller' with build type 'ament_cmake'
[1.731s] INFO:colcon.colcon_cmake.task.cmake.build:Building CMake package in '/home/sohan/slam_mrt/husarion_ugv_controller'
[1.731s] INFO:colcon.colcon_core.shell:Skip shell extension 'powershell' for command environment: Not usable outside of PowerShell
[1.731s] DEBUG:colcon.colcon_core.shell:Skip shell extension 'dsv' for command environment
[1.737s] DEBUG:colcon.colcon_core.event_handler.log_command:Invoking command in '/home/sohan/slam_mrt/build/husarion_ugv_controller': CMAKE_PREFIX_PATH=/home/sohan/slam_mrt/install/husarion_ugv_description:/home/sohan/slam_mrt/install/husarion_components_description:/home/sohan/slam_mrt/install/husarion_ugv_controller:/home/sohan/ekf_ws/install/husarion_ugv_controller:/home/sohan/ekf_ws/install/husarion_ugv_description:/home/sohan/ekf_ws/install/husarion_components_description:/opt/ros/jazzy/opt/gz_sim_vendor:/opt/ros/jazzy/opt/gz_sensors_vendor:/opt/ros/jazzy/opt/gz_physics_vendor:/opt/ros/jazzy/opt/sdformat_vendor:/opt/ros/jazzy/opt/gz_gui_vendor:/opt/ros/jazzy/opt/gz_transport_vendor:/opt/ros/jazzy/opt/gz_rendering_vendor:/opt/ros/jazzy/opt/gz_plugin_vendor:/opt/ros/jazzy/opt/gz_fuel_tools_vendor:/opt/ros/jazzy/opt/gz_msgs_vendor:/opt/ros/jazzy/opt/gz_common_vendor:/opt/ros/jazzy/opt/gz_math_vendor:/opt/ros/jazzy/opt/gz_utils_vendor:/opt/ros/jazzy/opt/gz_tools_vendor:/opt/ros/jazzy/opt/gz_ogre_next_vendor:/opt/ros/jazzy/opt/gz_dartsim_vendor:/opt/ros/jazzy/opt/gz_cmake_vendor:/home/sohan/slam_mrt/install/rover_gazebosim:/home/sohan/slam_mrt/install/rover_ekf:/home/sohan/slam_mrt/install/ekf_dummy_pkg:/home/sohan/slam_mrt/install/ekf_assgn:/home/sohan/ekf_ws/install/rover_gazebosim:/home/sohan/ekf_ws/install/ekf_assgn:/opt/ros/jazzy DEBUGINFOD_URLS=https://debuginfod.ubuntu.com /usr/bin/cmake /home/sohan/slam_mrt/husarion_ugv_controller -DAMENT_CMAKE_SYMLINK_INSTALL=1 -DCMAKE_INSTALL_PREFIX=/home/sohan/slam_mrt/install/husarion_ugv_controller
[1.948s] DEBUG:colcon.colcon_core.event_handler.log_command:Invoked command in '/home/sohan/slam_mrt/build/husarion_ugv_controller' returned '0': CMAKE_PREFIX_PATH=/home/sohan/slam_mrt/install/husarion_ugv_description:/home/sohan/slam_mrt/install/husarion_components_description:/home/sohan/slam_mrt/install/husarion_ugv_controller:/home/sohan/ekf_ws/install/husarion_ugv_controller:/home/sohan/ekf_ws/install/husarion_ugv_description:/home/sohan/ekf_ws/install/husarion_components_description:/opt/ros/jazzy/opt/gz_sim_vendor:/opt/ros/jazzy/opt/gz_sensors_vendor:/opt/ros/jazzy/opt/gz_physics_vendor:/opt/ros/jazzy/opt/sdformat_vendor:/opt/ros/jazzy/opt/gz_gui_vendor:/opt/ros/jazzy/opt/gz_transport_vendor:/opt/ros/jazzy/opt/gz_rendering_vendor:/opt/ros/jazzy/opt/gz_plugin_vendor:/opt/ros/jazzy/opt/gz_fuel_tools_vendor:/opt/ros/jazzy/opt/gz_msgs_vendor:/opt/ros/jazzy/opt/gz_common_vendor:/opt/ros/jazzy/opt/gz_math_vendor:/opt/ros/jazzy/opt/gz_utils_vendor:/opt/ros/jazzy/opt/gz_tools_vendor:/opt/ros/jazzy/opt/gz_ogre_next_vendor:/opt/ros/jazzy/opt/gz_dartsim_vendor:/opt/ros/jazzy/opt/gz_cmake_vendor:/home/sohan/slam_mrt/install/rover_gazebosim:/home/sohan/slam_mrt/install/rover_ekf:/home/sohan/slam_mrt/install/ekf_dummy_pkg:/home/sohan/slam_mrt/install/ekf_assgn:/home/sohan/ekf_ws/install/rover_gazebosim:/home/sohan/ekf_ws/install/ekf_assgn:/opt/ros/jazzy DEBUGINFOD_URLS=https://debuginfod.ubuntu.com /usr/bin/cmake /home/sohan/slam_mrt/husarion_ugv_controller -DAMENT_CMAKE_SYMLINK_INSTALL=1 -DCMAKE_INSTALL_PREFIX=/home/sohan/slam_mrt/install/husarion_ugv_controller
[1.949s] DEBUG:colcon.colcon_core.event_handler.log_command:Invoking command in '/home/sohan/slam_mrt/build/husarion_ugv_controller': CMAKE_PREFIX_PATH=/home/sohan/slam_mrt/install/husarion_ugv_description:/home/sohan/slam_mrt/install/husarion_components_description:/home/sohan/slam_mrt/install/husarion_ugv_controller:/home/sohan/ekf_ws/install/husarion_ugv_controller:/home/sohan/ekf_ws/install/husarion_ugv_description:/home/sohan/ekf_ws/install/husarion_components_description:/opt/ros/jazzy/opt/gz_sim_vendor:/opt/ros/jazzy/opt/gz_sensors_vendor:/opt/ros/jazzy/opt/gz_physics_vendor:/opt/ros/jazzy/opt/sdformat_vendor:/opt/ros/jazzy/opt/gz_gui_vendor:/opt/ros/jazzy/opt/gz_transport_vendor:/opt/ros/jazzy/opt/gz_rendering_vendor:/opt/ros/jazzy/opt/gz_plugin_vendor:/opt/ros/jazzy/opt/gz_fuel_tools_vendor:/opt/ros/jazzy/opt/gz_msgs_vendor:/opt/ros/jazzy/opt/gz_common_vendor:/opt/ros/jazzy/opt/gz_math_vendor:/opt/ros/jazzy/opt/gz_utils_vendor:/opt/ros/jazzy/opt/gz_tools_vendor:/opt/ros/jazzy/opt/gz_ogre_next_vendor:/opt/ros/jazzy/opt/gz_dartsim_vendor:/opt/ros/jazzy/opt/gz_cmake_vendor:/home/sohan/slam_mrt/install/rover_gazebosim:/home/sohan/slam_mrt/install/rover_ekf:/home/sohan/slam_mrt/install/ekf_dummy_pkg:/home/sohan/slam_mrt/install/ekf_assgn:/home/sohan/ekf_ws/install/rover_gazebosim:/home/sohan/ekf_ws/install/ekf_assgn:/opt/ros/jazzy DEBUGINFOD_URLS=https://debuginfod.ubuntu.com /usr/bin/cmake --build /home/sohan/slam_mrt/build/husarion_ugv_controller -- -j32 -l32
[1.971s] DEBUG:colcon.colcon_core.event_handler.log_command:Invoked command in '/home/sohan/slam_mrt/build/husarion_ugv_controller' returned '0': CMAKE_PREFIX_PATH=/home/sohan/slam_mrt/install/husarion_ugv_description:/home/sohan/slam_mrt/install/husarion_components_description:/home/sohan/slam_mrt/install/husarion_ugv_controller:/home/sohan/ekf_ws/install/husarion_ugv_controller:/home/sohan/ekf_ws/install/husarion_ugv_description:/home/sohan/ekf_ws/install/husarion_components_description:/opt/ros/jazzy/opt/gz_sim_vendor:/opt/ros/jazzy/opt/gz_sensors_vendor:/opt/ros/jazzy/opt/gz_physics_vendor:/opt/ros/jazzy/opt/sdformat_vendor:/opt/ros/jazzy/opt/gz_gui_vendor:/opt/ros/jazzy/opt/gz_transport_vendor:/opt/ros/jazzy/opt/gz_rendering_vendor:/opt/ros/jazzy/opt/gz_plugin_vendor:/opt/ros/jazzy/opt/gz_fuel_tools_vendor:/opt/ros/jazzy/opt/gz_msgs_vendor:/opt/ros/jazzy/opt/gz_common_vendor:/opt/ros/jazzy/opt/gz_math_vendor:/opt/ros/jazzy/opt/gz_utils_vendor:/opt/ros/jazzy/opt/gz_tools_vendor:/opt/ros/jazzy/opt/gz_ogre_next_vendor:/opt/ros/jazzy/opt/gz_dartsim_vendor:/opt/ros/jazzy/opt/gz_cmake_vendor:/home/sohan/slam_mrt/install/rover_gazebosim:/home/sohan/slam_mrt/install/rover_ekf:/home/sohan/slam_mrt/install/ekf_dummy_pkg:/home/sohan/slam_mrt/install/ekf_assgn:/home/sohan/ekf_ws/install/rover_gazebosim:/home/sohan/ekf_ws/install/ekf_assgn:/opt/ros/jazzy DEBUGINFOD_URLS=https://debuginfod.ubuntu.com /usr/bin/cmake --build /home/sohan/slam_mrt/build/husarion_ugv_controller -- -j32 -l32
[1.972s] DEBUG:colcon.colcon_core.event_handler.log_command:Invoking command in '/home/sohan/slam_mrt/build/husarion_ugv_controller': CMAKE_PREFIX_PATH=/home/sohan/slam_mrt/install/husarion_ugv_description:/home/sohan/slam_mrt/install/husarion_components_description:/home/sohan/slam_mrt/install/husarion_ugv_controller:/home/sohan/ekf_ws/install/husarion_ugv_controller:/home/sohan/ekf_ws/install/husarion_ugv_description:/home/sohan/ekf_ws/install/husarion_components_description:/opt/ros/jazzy/opt/gz_sim_vendor:/opt/ros/jazzy/opt/gz_sensors_vendor:/opt/ros/jazzy/opt/gz_physics_vendor:/opt/ros/jazzy/opt/sdformat_vendor:/opt/ros/jazzy/opt/gz_gui_vendor:/opt/ros/jazzy/opt/gz_transport_vendor:/opt/ros/jazzy/opt/gz_rendering_vendor:/opt/ros/jazzy/opt/gz_plugin_vendor:/opt/ros/jazzy/opt/gz_fuel_tools_vendor:/opt/ros/jazzy/opt/gz_msgs_vendor:/opt/ros/jazzy/opt/gz_common_vendor:/opt/ros/jazzy/opt/gz_math_vendor:/opt/ros/jazzy/opt/gz_utils_vendor:/opt/ros/jazzy/opt/gz_tools_vendor:/opt/ros/jazzy/opt/gz_ogre_next_vendor:/opt/ros/jazzy/opt/gz_dartsim_vendor:/opt/ros/jazzy/opt/gz_cmake_vendor:/home/sohan/slam_mrt/install/rover_gazebosim:/home/sohan/slam_mrt/install/rover_ekf:/home/sohan/slam_mrt/install/ekf_dummy_pkg:/home/sohan/slam_mrt/install/ekf_assgn:/home/sohan/ekf_ws/install/rover_gazebosim:/home/sohan/ekf_ws/install/ekf_assgn:/opt/ros/jazzy DEBUGINFOD_URLS=https://debuginfod.ubuntu.com /usr/bin/cmake --install /home/sohan/slam_mrt/build/husarion_ugv_controller
[2.073s] Level 1:colcon.colcon_core.environment:create_environment_scripts_only(husarion_ugv_controller)
[2.073s] Level 1:colcon.colcon_core.environment:checking '/home/sohan/slam_mrt/install/husarion_ugv_controller' for CMake module files
[2.074s] DEBUG:colcon.colcon_core.event_handler.log_command:Invoked command in '/home/sohan/slam_mrt/build/husarion_ugv_controller' returned '0': CMAKE_PREFIX_PATH=/home/sohan/slam_mrt/install/husarion_ugv_description:/home/sohan/slam_mrt/install/husarion_components_description:/home/sohan/slam_mrt/install/husarion_ugv_controller:/home/sohan/ekf_ws/install/husarion_ugv_controller:/home/sohan/ekf_ws/install/husarion_ugv_description:/home/sohan/ekf_ws/install/husarion_components_description:/opt/ros/jazzy/opt/gz_sim_vendor:/opt/ros/jazzy/opt/gz_sensors_vendor:/opt/ros/jazzy/opt/gz_physics_vendor:/opt/ros/jazzy/opt/sdformat_vendor:/opt/ros/jazzy/opt/gz_gui_vendor:/opt/ros/jazzy/opt/gz_transport_vendor:/opt/ros/jazzy/opt/gz_rendering_vendor:/opt/ros/jazzy/opt/gz_plugin_vendor:/opt/ros/jazzy/opt/gz_fuel_tools_vendor:/opt/ros/jazzy/opt/gz_msgs_vendor:/opt/ros/jazzy/opt/gz_common_vendor:/opt/ros/jazzy/opt/gz_math_vendor:/opt/ros/jazzy/opt/gz_utils_vendor:/opt/ros/jazzy/opt/gz_tools_vendor:/opt/ros/jazzy/opt/gz_ogre_next_vendor:/opt/ros/jazzy/opt/gz_dartsim_vendor:/opt/ros/jazzy/opt/gz_cmake_vendor:/home/sohan/slam_mrt/install/rover_gazebosim:/home/sohan/slam_mrt/install/rover_ekf:/home/sohan/slam_mrt/install/ekf_dummy_pkg:/home/sohan/slam_mrt/install/ekf_assgn:/home/sohan/ekf_ws/install/rover_gazebosim:/home/sohan/ekf_ws/install/ekf_assgn:/opt/ros/jazzy DEBUGINFOD_URLS=https://debuginfod.ubuntu.com /usr/bin/cmake --install /home/sohan/slam_mrt/build/husarion_ugv_controller
[2.074s] Level 1:colcon.colcon_core.environment:checking '/home/sohan/slam_mrt/install/husarion_ugv_controller' for CMake config files
[2.074s] Level 1:colcon.colcon_core.shell:create_environment_hook('husarion_ugv_controller', 'cmake_prefix_path')
[2.074s] INFO:colcon.colcon_core.shell:Creating environment hook '/home/sohan/slam_mrt/install/husarion_ugv_controller/share/husarion_ugv_controller/hook/cmake_prefix_path.ps1'
[2.074s] INFO:colcon.colcon_core.shell:Creating environment descriptor '/home/sohan/slam_mrt/install/husarion_ugv_controller/share/husarion_ugv_controller/hook/cmake_prefix_path.dsv'
[2.074s] INFO:colcon.colcon_core.shell:Creating environment hook '/home/sohan/slam_mrt/install/husarion_ugv_controller/share/husarion_ugv_controller/hook/cmake_prefix_path.sh'
[2.075s] Level 1:colcon.colcon_core.environment:checking '/home/sohan/slam_mrt/install/husarion_ugv_controller/bin'
[2.075s] Level 1:colcon.colcon_core.environment:checking '/home/sohan/slam_mrt/install/husarion_ugv_controller/lib/pkgconfig/husarion_ugv_controller.pc'
[2.075s] Level 1:colcon.colcon_core.environment:checking '/home/sohan/slam_mrt/install/husarion_ugv_controller/lib/python3.12/site-packages'
[2.075s] Level 1:colcon.colcon_core.environment:checking '/home/sohan/slam_mrt/install/husarion_ugv_controller/bin'
[2.075s] INFO:colcon.colcon_core.shell:Creating package script '/home/sohan/slam_mrt/install/husarion_ugv_controller/share/husarion_ugv_controller/package.ps1'
[2.075s] INFO:colcon.colcon_core.shell:Creating package descriptor '/home/sohan/slam_mrt/install/husarion_ugv_controller/share/husarion_ugv_controller/package.dsv'
[2.076s] INFO:colcon.colcon_core.shell:Creating package script '/home/sohan/slam_mrt/install/husarion_ugv_controller/share/husarion_ugv_controller/package.sh'
[2.076s] INFO:colcon.colcon_core.shell:Creating package script '/home/sohan/slam_mrt/install/husarion_ugv_controller/share/husarion_ugv_controller/package.bash'
[2.076s] INFO:colcon.colcon_core.shell:Creating package script '/home/sohan/slam_mrt/install/husarion_ugv_controller/share/husarion_ugv_controller/package.zsh'
[2.076s] Level 1:colcon.colcon_core.environment:create_file_with_runtime_dependencies(/home/sohan/slam_mrt/install/husarion_ugv_controller/share/colcon-core/packages/husarion_ugv_controller)
[2.076s] Level 1:colcon.colcon_core.environment:create_environment_scripts_only(husarion_ugv_controller)
[2.076s] Level 1:colcon.colcon_core.environment:checking '/home/sohan/slam_mrt/install/husarion_ugv_controller' for CMake module files
[2.076s] Level 1:colcon.colcon_core.environment:checking '/home/sohan/slam_mrt/install/husarion_ugv_controller' for CMake config files
[2.076s] Level 1:colcon.colcon_core.shell:create_environment_hook('husarion_ugv_controller', 'cmake_prefix_path')
[2.077s] INFO:colcon.colcon_core.shell:Creating environment hook '/home/sohan/slam_mrt/install/husarion_ugv_controller/share/husarion_ugv_controller/hook/cmake_prefix_path.ps1'
[2.077s] INFO:colcon.colcon_core.shell:Creating environment descriptor '/home/sohan/slam_mrt/install/husarion_ugv_controller/share/husarion_ugv_controller/hook/cmake_prefix_path.dsv'
[2.077s] INFO:colcon.colcon_core.shell:Creating environment hook '/home/sohan/slam_mrt/install/husarion_ugv_controller/share/husarion_ugv_controller/hook/cmake_prefix_path.sh'
[2.077s] Level 1:colcon.colcon_core.environment:checking '/home/sohan/slam_mrt/install/husarion_ugv_controller/bin'
[2.077s] Level 1:colcon.colcon_core.environment:checking '/home/sohan/slam_mrt/install/husarion_ugv_controller/lib/pkgconfig/husarion_ugv_controller.pc'
[2.077s] Level 1:colcon.colcon_core.environment:checking '/home/sohan/slam_mrt/install/husarion_ugv_controller/lib/python3.12/site-packages'
[2.077s] Level 1:colcon.colcon_core.environment:checking '/home/sohan/slam_mrt/install/husarion_ugv_controller/bin'
[2.077s] INFO:colcon.colcon_core.shell:Creating package script '/home/sohan/slam_mrt/install/husarion_ugv_controller/share/husarion_ugv_controller/package.ps1'
[2.078s] INFO:colcon.colcon_core.shell:Creating package descriptor '/home/sohan/slam_mrt/install/husarion_ugv_controller/share/husarion_ugv_controller/package.dsv'
[2.078s] INFO:colcon.colcon_core.shell:Creating package script '/home/sohan/slam_mrt/install/husarion_ugv_controller/share/husarion_ugv_controller/package.sh'
[2.078s] INFO:colcon.colcon_core.shell:Creating package script '/home/sohan/slam_mrt/install/husarion_ugv_controller/share/husarion_ugv_controller/package.bash'
[2.078s] INFO:colcon.colcon_core.shell:Creating package script '/home/sohan/slam_mrt/install/husarion_ugv_controller/share/husarion_ugv_controller/package.zsh'
[2.078s] Level 1:colcon.colcon_core.environment:create_file_with_runtime_dependencies(/home/sohan/slam_mrt/install/husarion_ugv_controller/share/colcon-core/packages/husarion_ugv_controller)
[2.078s] DEBUG:colcon.colcon_parallel_executor.executor.parallel:closing loop
[2.079s] DEBUG:colcon.colcon_parallel_executor.executor.parallel:loop closed
[2.079s] DEBUG:colcon.colcon_parallel_executor.executor.parallel:run_until_complete finished with '0'
[2.079s] DEBUG:colcon.colcon_core.event_reactor:joining thread
[2.082s] INFO:colcon.colcon_core.plugin_system:Skipping extension 'colcon_notification.desktop_notification.terminal_notifier': Not used on non-Darwin systems
[2.082s] INFO:colcon.colcon_core.plugin_system:Skipping extension 'colcon_notification.desktop_notification.win32': Not used on non-Windows systems
[2.082s] INFO:colcon.colcon_notification.desktop_notification:Sending desktop notification using 'notify2'
[2.098s] DEBUG:colcon.colcon_core.event_reactor:joined thread
[2.099s] INFO:colcon.colcon_core.shell:Creating prefix script '/home/sohan/slam_mrt/install/local_setup.ps1'
[2.099s] INFO:colcon.colcon_core.shell:Creating prefix util module '/home/sohan/slam_mrt/install/_local_setup_util_ps1.py'
[2.100s] INFO:colcon.colcon_core.shell:Creating prefix chain script '/home/sohan/slam_mrt/install/setup.ps1'
[2.101s] INFO:colcon.colcon_core.shell:Creating prefix script '/home/sohan/slam_mrt/install/local_setup.sh'
[2.101s] INFO:colcon.colcon_core.shell:Creating prefix util module '/home/sohan/slam_mrt/install/_local_setup_util_sh.py'
[2.101s] INFO:colcon.colcon_core.shell:Creating prefix chain script '/home/sohan/slam_mrt/install/setup.sh'
[2.101s] INFO:colcon.colcon_core.shell:Creating prefix script '/home/sohan/slam_mrt/install/local_setup.bash'
[2.102s] INFO:colcon.colcon_core.shell:Creating prefix chain script '/home/sohan/slam_mrt/install/setup.bash'
[2.102s] INFO:colcon.colcon_core.shell:Creating prefix script '/home/sohan/slam_mrt/install/local_setup.zsh'
[2.102s] INFO:colcon.colcon_core.shell:Creating prefix chain script '/home/sohan/slam_mrt/install/setup.zsh'
